"fundoname","tpfundo","descricaofundo","preco","marketcap","dtcarga","p_vp","rentabilidade_mes","ultimo_rendimento","price","percentcharge"
"ALZR11","Fundo Misto: Misto","Alianza Trust Renda Imobiliária","12,21","1,1 B","2023-08-05 13:45:58.373517","1,10","1,99 %","0,83","R$ 117,79","0,73%"
"AAGR11","Fiagro: Indefinido","ASSET BANK AGRONEGÓCIOS FIAGRO IMOBILIARIO","-","-","2023-08-05 13:45:58.323445","N/A","N/A %","N/A","R$ 0,00","0,00%"
"AAZQ11","Fiagro: Indefinido","AZ Quest Sole","5,91","230,6 M","2023-08-05 13:45:58.326832","1,01","0,11 %","0,14","R$ 9,19","0,11%"
"ABCP11","Tijolo: Shoppings","Grand Plaza Shopping","7,84","432,2 M","2023-08-05 13:45:58.328919","0,80","0,58 %","0,50","R$ 73,00","0,68%"
"AEFI11","Fundo Misto: Educacional","FII AESAPAR","-","340,4 M","2023-08-05 13:45:58.333384","1,21","N/A %","1,24","R$ 174,90","0,00%"
"AFCR11","Papel: Papéis","FII AFINVCR","-","-","2023-08-05 13:45:58.336711","N/A","N/A %","N/A","R$ 0,00","0,00%"
"AFHI11","Papel: Papéis","AF INVEST CRI","13,34","290,4 M","2023-08-05 13:45:58.338920","1,01","0,21 %","1,10","R$ 96,78","0,05%"
"AFOF11","Papel: Fundo de Fundos","ALIANZA FOF","-","-","2023-08-05 13:45:58.342931","N/A","N/A %","N/A","R$ 0,00","0,00%"
"AGCX11","Tijolo: Agências de Bancos","FII AG CAIXA","-","1,3 B","2023-08-05 13:45:58.352263","11,40","N/A %","8,50","R$ 1.235,50","0,00%"
"AGRX11","Outros: Outros","Exes Araguaia","-","-","2023-08-05 13:45:58.356558","N/A","1,83 %","N/A","R$ 11,15","0,90%"
"ALMI11","Tijolo: Lajes Corporativas","Torre Almirante","-","225,5 M","2023-08-05 13:45:58.362629","0,36","-1,72 %","0,37","R$ 739,10","0,26%"
"ALMI11B","Outros: Indefinido","FII TORRE AL","-","-","2023-08-05 13:45:58.366405","N/A","N/A %","N/A","R$ 0,00","0,00%"
"ALZC11","Papel: Papéis","FII ALI CRED","-","-","2023-08-05 13:45:58.368723","N/A","N/A %","N/A","R$ 0,00","0,00%"
"RECR11","Papel: Papéis","FII REC Recebíveis Imobiliários","12,19","2,5 B","2023-08-05 13:45:58.321222","0,93","0,93 %","0,91","R$ 88,99","0,27%"
"AMAZ11","Fiagro: Indefinido","BLOXS AMAZON GREEN LEG FDO INV NAS CAD PROD AGRO","-","-","2023-08-05 13:45:58.375949","N/A","N/A %","N/A","R$ 0,00","0,00%"
"ANCR11B","Tijolo: Shoppings","Ancar CI","2,95","1,7 B","2023-08-05 13:45:58.378271","0,97","1,07 %","42,08","R$ 3.466,00","-0,97%"
"AQLL11","Outros: Fundo de Fundos","FII AQUILLA","-","143,4 M","2023-08-05 13:45:58.382870","0,39","N/A %","N/A","R$ 385,03","0,00%"
"ARFI11B","Outros: Imóveis Industriais e Logísticos","FII AQUIL RD","-","74,3 M","2023-08-05 13:45:58.387502","0,74","N/A %","N/A","R$ 479,99","0,00%"
"ARRI11","Papel: Papéis","FDO. INV. IMOB. ÁTRIO REIT RECEBÍVEIS IMOBILIÁRIOS","15,15","117,3 M","2023-08-05 13:45:58.389921","1,00","-0,22 %","0,10","R$ 9,01","-0,22%"
"ASMT11","Tijolo: Lajes Corporativas","ASA METROPOLIS FUNDO DE INVESTIMENTO IMOBILIÁRIO","10,93","85,7 M","2023-08-05 13:45:58.393038","0,58","-0,10 %","0,77","R$ 49,30","-1,38%"
"ATCR11","Tijolo: Lajes Corporativas","HAZ","-","79,1 M","2023-08-05 13:45:58.395472","N/A","N/A %","0,30","R$ 0,00","0,00%"
"ATSA11","Tijolo: Shoppings","Hedge Atrium Shopping Santo André","0,54","142,9 M","2023-08-05 13:45:58.397886","0,80","-1,52 %","0,05","R$ 65,00","-0,03%"
"ATSA11B","Outros: Indefinido","FII CSHGATSA","-","-","2023-08-05 13:45:58.400494","N/A","N/A %","N/A","R$ 0,00","0,00%"
"ATWN11","Fundo Misto: Indefinido","FDO. INV. IMOB. A–TOWN","-","94,7 M","2023-08-05 13:45:58.402329","N/A","N/A %","N/A","R$ 0,00","0,00%"
"AURB11","Tijolo: Imóveis Comerciais - Outros","FII ALI URB","-","73,7 M","2023-08-05 13:45:58.403797","N/A","N/A %","0,55","R$ 0,00","0,00%"
"BARI11","Papel: Papéis","FDO INV IMOB BARIGUI RENDIMENTOS IMOB I FII","12,74","450,0 M","2023-08-05 13:45:58.405202","0,91","0,18 %","0,90","R$ 88,03","0,05%"
"BBFI11B","Tijolo: Lajes Corporativas","BB Progressivo","23,47","279,2 M","2023-08-05 13:45:58.407445","0,51","1,31 %","6,21","R$ 1.100,20","-0,88%"
"BBFO11","Papel: Fundo de Fundos","BB FUNDO DE FUNDOS","10,92","329,0 M","2023-08-05 13:45:58.409895","0,92","0,86 %","0,70","R$ 75,95","1,00%"
"BBGO11","Fiagro: Indefinido","FIAGRO BBGO","12,69","392,6 M","2023-08-05 13:45:58.411462","0,84","0,69 %","1,02","R$ 91,90","-0,86%"
"BBIM11","Papel: Papéis","BB Recebíveis Imobiliários","-","32,1 M","2023-08-05 13:45:58.413045","N/A","N/A %","0,10","R$ 0,00","0,00%"
"BBVJ11","Tijolo: Indefinido","FII C JARDIM","-","-","2023-08-05 13:45:58.418456","N/A","N/A %","N/A","R$ 0,00","0,00%"
"BCFF11","Papel: Fundo de Fundos","BTG Fundo de Fundos","9,25","1,9 B","2023-08-05 13:45:58.420356","0,95","0,68 %","0,56","R$ 72,56","0,53%"
"BCFF11B","Outros: Indefinido","FII BC FFII","-","-","2023-08-05 13:45:58.422334","N/A","N/A %","N/A","R$ 0,00","0,00%"
"BCIA11","Papel: Fundo de Fundos","Bradesco Carteira Imobiliária Ativa","8,86","404,0 M","2023-08-05 13:45:58.423708","0,97","-0,01 %","0,82","R$ 104,98","-0,77%"
"BCRI11","Papel: Papéis","Banestes Recebíveis Imobiliários","14,72","622,0 M","2023-08-05 13:45:58.426979","0,75","1,87 %","0,69","R$ 74,80","-0,64%"
"BDIF11","FIInfra: Fundo de Desenvolvimento","BTG PACTUAL DÍVIDA INFRA FIC. FDO. INC. IE. RF. CP","-","-","2023-08-05 13:45:58.429524","N/A","-1,33 %","N/A","R$ 92,50","-0,75%"
"BICE11","Papel: Fundo de Fundos","BRIO CRÉDITO ESTRUTURADO","13,98","76,7 M","2023-08-05 13:45:58.432123","1,02","4,28 %","7,79","R$ 1.000,00","5,49%"
"BICR11","Papel: Papéis","INTER TÍTULOS IMOB. FDO INV. IMOB.","10,36","50,4 M","2023-08-05 13:45:58.434250","0,99","26,90 %","0,66","R$ 99,96","-0,03%"
"BIPD11","Fundo Misto: Indefinido","FII BRIO IV","-","47,9 M","2023-08-05 13:45:58.439004","N/A","N/A %","N/A","R$ 0,00","0,00%"
"BLCA11","Fundo Misto: Indefinido","BLUEMACAW CATUAÍ TRIPLE A FDO DE INV IMOB","5,09","218,1 M","2023-08-05 13:45:58.440364","0,97","-3,65 %","0,57","R$ 132,00","-0,75%"
"BLCP11","Tijolo: Imóveis Industriais e Logísticos","BLUECAP RENDA LOG. FDO INV. IMOB. - FII","1,69","256,6 M","2023-08-05 13:45:58.442832","0,81","-0,43 %","0,56","R$ 91,00","-0,05%"
"BLMC11","Papel: Papéis","BLUEMACAW CRÉDITO IMOBILIÁRIO","13,08","39,5 M","2023-08-05 13:45:58.444612","0,82","-0,54 %","0,97","R$ 81,01","0,01%"
"BLMG11","Tijolo: Imóveis Industriais e Logísticos","BLUEMACAW LOGÍSTICA","13,67","333,0 M","2023-08-05 13:45:58.446224","0,78","-0,96 %","0,71","R$ 68,14","0,15%"
"BLMO11","Tijolo: Lajes Corporativas","BLUEMACAW OFFICE FUND II - FDO. INVEST. IMOB.","3,37","126,9 M","2023-08-05 13:45:58.448629","0,63","-3,56 %","100,00","R$ 20.999,00","-3,56%"
"BLMR11","Papel: Fundo de Fundos","BLUEMACAW RENDA + FOF","9,85","205,3 M","2023-08-05 13:45:58.450393","0,94","0,94 %","0,06","R$ 7,54","0,40%"
"BLUR11","Papel: Papéis","FII BLUE REC","12,30","8,6 M","2023-08-05 13:45:58.452365","1,05","-1,07 %","1,03","R$ 100,50","-1,07%"
"BMII11","Tijolo: Lajes Corporativas","Brasilio Machado","-","67,8 M","2023-08-05 13:45:58.453935","N/A","N/A %","0,23","R$ 0,00","0,00%"
"ALZM11","Fundo de Fundos: Fundo de Fundos","FII ALIANZME","12,30","63,9 M","2023-08-05 13:45:58.316482","1,01","1,60 %","0,85","R$ 93,75","1,14%"
"MALL11","Tijolo: Shoppings","Malls Brasil Plural","8,15","1,1 B","2023-08-05 13:45:58.318938","0,96","0,40 %","0,80","R$ 115,42","0,06%"
"SNAG11","Fiagro: Papéis","SUNO AGRO – FIAGRO-IMOBILIÁRIO","12,07","302,1 M","2023-08-05 13:45:58.311867","0,10","-89,87 %","0,12","R$ 10,21","0,29%"
"BPLC11","Fundo Misto: Misto","FII BASILICA","-","316,5 M","2023-08-05 13:45:58.471607","N/A","N/A %","14,42","R$ 0,00","0,00%"
"BPRP11","Tijolo: Imóveis Industriais e Logísticos","FDO INV IMOB - FII BRLPROP","9,75","147,3 M","2023-08-05 13:45:58.476922","1,00","17,99 %","0,90","R$ 109,14","-0,01%"
"BRCO11","Tijolo: Imóveis Industriais e Logísticos","BRESCO LOGÍSTICA - FDO INV IMOB","7,23","1,8 B","2023-08-05 13:45:58.479132","1,04","4,87 %","0,87","R$ 125,00","2,64%"
"BRCR11","Tijolo: Lajes Corporativas","BTG Pactual Corporate Office","8,27","2,7 B","2023-08-05 13:45:58.481164","0,67","-1,62 %","0,45","R$ 67,49","1,26%"
"BREV11","Tijolo: Lajes Corporativas","BRAZIL REAL ESTATE VICTORY FUND I - FDO. INV. IMOB","7,24","113,3 M","2023-08-05 13:45:58.483552","0,89","9,74 %","0,59","R$ 104,67","11,35%"
"BRHT11B","Tijolo: Hotéis","BR Hotéis","-","141,3 M","2023-08-05 13:45:58.485152","1,13","N/A %","N/A","R$ 86,80","0,00%"
"BRIM11","Fundo Misto: Fundo de Desenvolvimento","BRIO REAL ESTATE II - FDO INV IMOB","17,05","136,1 M","2023-08-05 13:45:58.486492","0,94","1,20 %","8,50","R$ 1.030,22","1,20%"
"BRIP11","Fundo Misto: Fundo de Desenvolvimento","BRIO REAL ESTATE III","12,24","204,1 M","2023-08-05 13:45:58.487819","1,00","21,05 %","9,30","R$ 950,01","-5,00%"
"BRIX11","Fundo Misto: Indefinido","FII BRIX","-","80,0 M","2023-08-05 13:45:58.489375","N/A","N/A %","N/A","R$ 0,00","0,00%"
"BROL11","Outros: Indefinido","FII BR PROPE","-","-","2023-08-05 13:45:58.496337","N/A","N/A %","N/A","R$ 0,00","0,00%"
"BTAG11","Fidc: Indefinido","BTG PACTUAL CRÉDITO AGRÍCOLA FIAGRO - DIREITOS CREDITÓRIOS","-","-","2023-08-05 13:45:58.498202","N/A","0,14 %","N/A","R$ 93,47","-0,88%"
"BTAL11","Tijolo: Imóveis Industriais e Logísticos","BTG PACTUAL AGRO LOGÍSTICA","10,75","626,3 M","2023-08-05 13:45:58.500444","0,87","-2,71 %","0,73","R$ 90,70","-0,60%"
"BTCI11","Outros: Papéis","FII BTG CRI","13,18","1,0 B","2023-08-05 13:45:58.502604","0,92","1,49 %","0,10","R$ 9,53","0,32%"
"BTCR11","Papel: Papéis","BTG Pactual Crédito Imobiliário","4,38","458,3 M","2023-08-05 13:45:58.504398","0,92","-2,38 %","0,90","R$ 88,00","2,98%"
"BTGM11","Outros: Indefinido","FII BTGMALLS","-","-","2023-08-05 13:45:58.505830","N/A","N/A %","N/A","R$ 0,00","0,00%"
"BTLG11","Tijolo: Imóveis Industriais e Logísticos","BTG PACTUAL LOGISTICA FDO INV IMOB - FII","8,34","2,1 B","2023-08-05 13:45:58.507605","1,08","0,19 %","0,76","R$ 106,13","-0,21%"
"BTRA11","Fundo Misto: Indefinido","FDO INV IMOB BTG PACTUAL TERRAS AGRÍCOLAS","12,68","399,3 M","2023-08-05 13:45:58.510315","0,64","-1,41 %","0,56","R$ 76,31","-1,19%"
"BTSG11","Tijolo: Imóveis Industriais e Logísticos","BTSP I FDO. INVEST. IMOB","7,49","106,8 M","2023-08-05 13:45:58.512346","1,02","21,74 %","0,92","R$ 140,00","2,94%"
"BTSI11","Fundo Misto: Misto","BTSP II FUNDO DE INVESTIMENTO IMOBILIÁRIO","6,01","257,9 M","2023-08-05 13:45:58.513889","0,78","-9,25 %","0,72","R$ 95,29","-9,25%"
"BVAR11","Tijolo: Varejo","Brasil Varejo","-","669,9 M","2023-08-05 13:45:58.518662","N/A","N/A %","20,49","R$ 0,00","0,00%"
"BZEL11","Fundo Misto: Misto","BARZEL FUNDO DE INVESTIMENTO IMOBILIÁRIO","-","415,5 M","2023-08-05 13:45:58.520446","N/A","N/A %","5,09","R$ 0,00","0,00%"
"BZLI11","Fundo Misto: Misto","Brazil Realty","-","447,9 M","2023-08-05 13:45:58.522379","1,60","-0,58 %","N/A","R$ 17,00","-0,64%"
"CACR11","Papel: Papéis","CARTESIA FII","16,90","187,9 M","2023-08-05 13:45:58.523814","1,01","0,37 %","1,42","R$ 105,30","0,32%"
"CBOP11","Tijolo: Lajes Corporativas","Castello Branco Office Park","11,10","104,4 M","2023-08-05 13:45:58.528727","0,48","1,58 %","0,12","R$ 35,30","-1,45%"
"CCFA11","Fiagro: Indefinido","CANVAS FDO DE INV NAS CAD PROD AGRO","-","-","2023-08-05 13:45:58.530385","N/A","N/A %","N/A","R$ 0,00","0,00%"
"CCME11","Fundo Misto: Indefinido","FII CANUMA","7,39","306,2 M","2023-08-05 13:45:58.531816","1,08","-20,54 %","1,09","R$ 110,00","8,14%"
"CCRF11","Papel: Papéis","CANVAS CRI","10,80","156,8 M","2023-08-05 13:45:58.533333","0,91","-0,09 %","1,65","R$ 90,90","-0,09%"
"CEOC11","Tijolo: Lajes Corporativas","Cyrela Commercial Properties","10,93","142,3 M","2023-08-05 13:45:58.536137","0,81","0,55 %","0,64","R$ 63,65","-0,05%"
"CEOC11B","Outros: Indefinido","FII CEO CCP","-","-","2023-08-05 13:45:58.537449","N/A","N/A %","N/A","R$ 0,00","0,00%"
"CFHI11","Fundo Misto: Fundo de Desenvolvimento","CF2 FUNDO DE INVESTIMENTO IMOBILIÁRIO","-","60,6 M","2023-08-05 13:45:58.538740","N/A","N/A %","36,51","R$ 0,00","0,00%"
"CFII11","Fundo Misto: Indefinido","FII CF3 IMOB","-","73,4 M","2023-08-05 13:45:58.540032","N/A","N/A %","N/A","R$ 0,00","0,00%"
"CJFI11","Fundo Misto: Misto","FDO INV IMOB CJ","-","147,2 M","2023-08-05 13:45:58.542718","N/A","N/A %","N/A","R$ 0,00","0,00%"
"CNES11","Tijolo: Lajes Corporativas","CENESP","4,59","267,7 M","2023-08-05 13:45:58.544006","0,31","-0,43 %","0,09","R$ 28,06","-0,46%"
"CNES11B","Outros: Indefinido","FII CENESP","-","-","2023-08-05 13:45:58.545294","N/A","N/A %","N/A","R$ 0,00","0,00%"
"CORM11","Tijolo: Lajes Corporativas","CORE METROPOLIS FUNDO DE INVESTIMENTO IMOBILIÁRIO","-","-","2023-08-05 13:45:58.546576","N/A","N/A %","N/A","R$ 0,00","0,00%"
"CPFF11","Papel: Fundo de Fundos","CAPITÂNIA REIT FOF - FDO. INVEST. IMOB","8,37","211,1 M","2023-08-05 13:45:58.548829","0,91","0,87 %","0,75","R$ 75,31","-0,88%"
"CPTR11","Fiagro: Indefinido","Capitania Agro Strategies","17,20","407,1 M","2023-08-05 13:45:58.551908","0,97","1,54 %","1,35","R$ 97,94","0,15%"
"CPTS11","Papel: Papéis","Capitania Securities II","11,34","2,9 B","2023-08-05 13:45:58.553412","0,95","2,52 %","0,88","R$ 86,19","0,82%"
"CPTS11B","Papel: Papéis","FII CAPI SEC","-","-","2023-08-05 13:45:58.554934","N/A","N/A %","N/A","R$ 0,00","0,00%"
"CRAA11","Fiagro: Indefinido","SPARTA FIAGRO FDO INV NAS CAD PROD AGRO","5,98","50,2 M","2023-08-05 13:45:58.556352","1,02","0,14 %","1,50","R$ 103,64","0,05%"
"CRFF11","Papel: Fundo de Fundos","CAIXA RIO BRAVO FDO DE FDOS INV IMOB II","9,24","62,2 M","2023-08-05 13:45:58.557683","0,89","0,02 %","0,63","R$ 80,50","0,31%"
"CTNP11","Papel: Papéis","FII FED HY","-","-","2023-08-05 13:45:58.558980","N/A","N/A %","N/A","R$ 0,00","0,00%"
"CTXT11","Tijolo: Lajes Corporativas","Centro Têxtil Internacional","-","108,5 M","2023-08-05 13:45:58.560262","0,40","-1,92 %","0,01","R$ 12,75","-3,41%"
"CVBI11","Papel: Papéis","FDO INV. IMOB. VBI CRI","12,00","1,1 B","2023-08-05 13:45:58.561550","0,98","2,43 %","1,05","R$ 94,18","1,66%"
"CVPR11","Fundo Misto: Indefinido","FII CVPAR","-","13,7 M","2023-08-05 13:45:58.562887","N/A","N/A %","1,05","R$ 0,00","0,00%"
"CXCE11B","Tijolo: Lajes Corporativas","Caixa Cedae","11,18","111,6 M","2023-08-05 13:45:58.567213","0,67","1,67 %","0,41","R$ 43,86","-0,07%"
"BMLC11B","Tijolo: Indefinido","FII BMBRC LC","-","-","2023-08-05 13:45:58.459939","N/A","N/A %","N/A","R$ 0,00","0,00%"
"BNFS11","Tijolo: Agências de Bancos","Banrisul Novas Fronteiras","14,62","64,2 M","2023-08-05 13:45:58.462241","1,32","0,51 %","1,53","R$ 121,40","0,31%"
"CYCR11","Fundo Misto: Indefinido","CYRELA CRÉDITO - FUNDO DE INVESTIMENTO IMOBILIÁRIO","13,54","160,2 M","2023-08-05 13:45:58.577410","0,93","2,47 %","0,10","R$ 9,14","0,44%"
"CYLD11","Tijolo: Imóveis Industriais e Logísticos","FII CYLD","-","104,0 M","2023-08-05 13:45:58.585030","N/A","N/A %","N/A","R$ 0,00","0,00%"
"DAMT11B","Tijolo: Shoppings","DIAMANTE FDO INV IMOB","4,54","96,4 M","2023-08-05 13:45:58.586838","1,38","-6,47 %","0,07","R$ 18,22","-7,75%"
"DCRA11","Outros: Misto","Devant","-","-","2023-08-05 13:45:58.588214","N/A","-0,11 %","N/A","R$ 9,51","-0,42%"
"DEVA11","Papel: Papéis","DEVANT RECEBÍVEIS IMOBILIÁRIOS","18,31","1,3 B","2023-08-05 13:45:58.589562","0,58","0,34 %","0,60","R$ 55,29","-0,50%"
"DLMT11","Tijolo: Varejo","DEL MONTE AJAX FDO INV IMOB","-","8,8 M","2023-08-05 13:45:58.590925","N/A","N/A %","0,01","R$ 0,00","0,00%"
"DOMC11","Tijolo: Lajes Corporativas","FII DOMO","-","242,4 M","2023-08-05 13:45:58.593605","4,43","N/A %","N/A","R$ 439,00","0,00%"
"DOVL11B","Tijolo: Lajes Corporativas","DOVEL FDO INV IMOB","5,39","79,8 M","2023-08-05 13:45:58.595716","1,00","N/A %","10,13","R$ 1.200,69","-0,40%"
"DPRO11","Tijolo: Indefinido","FII DEVA PRO","11,61","36,0 M","2023-08-05 13:45:58.597757","0,98","-3,86 %","0,83","R$ 95,00","-1,19%"
"DRIT11B","Tijolo: Lajes Corporativas","Multigestão Renda Comercial","8,31","61,5 M","2023-08-05 13:45:58.602278","0,72","0,86 %","0,80","R$ 95,06","0,03%"
"EDFO11B","Tijolo: Lajes Corporativas","Edifício Ouroinvest","10,95","42,7 M","2023-08-05 13:45:58.605786","1,05","0,01 %","1,77","R$ 189,03","0,01%"
"EDGA11","Tijolo: Lajes Corporativas","Edifício Galeria","6,51","233,5 M","2023-08-05 13:45:58.607218","0,35","0,95 %","0,07","R$ 21,20","-0,14%"
"EDGA11B","Outros: Indefinido","FII GALERIA","-","-","2023-08-05 13:45:58.608608","N/A","N/A %","N/A","R$ 0,00","0,00%"
"EGAF11","Fiagro: Indefinido","Ecoagro I","19,07","109,5 M","2023-08-05 13:45:58.609967","1,03","0,05 %","1,20","R$ 100,05","-0,05%"
"ELDO11B","Tijolo: Shoppings","Eldorado","13,97","1,1 B","2023-08-05 13:45:58.612691","0,53","N/A %","0,41","R$ 762,38","0,00%"
"EQIA11","Fiagro: Fiagro","FIAGRO EQIA","-","-","2023-08-05 13:45:58.614440","N/A","N/A %","N/A","R$ 0,00","0,00%"
"EQIN11","Papel: Papéis","FII NCH EQI","-","-","2023-08-05 13:45:58.618623","N/A","N/A %","N/A","R$ 0,00","0,00%"
"EQIR11","Fundo Misto: Indefinido","EQI RECEBÍVEIS IMOBILIÁRIOS FDO DE INV IMOBILIÁRIO","37,46","50,7 M","2023-08-05 13:45:58.620973","0,88","1,71 %","0,11","R$ 8,90","0,45%"
"ERCR11","Tijolo: Varejo","ESTOQUE RESIDENCIAL E COMERCIAL RJ","1,22","138,5 M","2023-08-05 13:45:58.623111","1,30","N/A %","139,45","R$ 76.000,00","0,00%"
"ERPA11","Tijolo: Lajes Corporativas","EUROPA 105 - FDO INV IMOB","7,02","68,7 M","2023-08-05 13:45:58.625002","0,87","-0,67 %","0,73","R$ 119,00","0,68%"
"ESTQ11","Fundo Misto: Misto","FDO INV IMOB POLO ESTOQUE II","-","3,2 M","2023-08-05 13:45:58.626414","N/A","N/A %","N/A","R$ 0,00","0,00%"
"EURO11","Tijolo: Imóveis Industriais e Logísticos","EUROPAR","8,88","124,8 M","2023-08-05 13:45:58.627830","0,77","2,08 %","1,85","R$ 250,00","2,06%"
"EVBI11","Fundo Misto: Misto","VBI CONSUMO ESSEN","9,31","212,3 M","2023-08-05 13:45:58.629210","0,99","0,37 %","0,86","R$ 97,86","0,37%"
"EXES11","Fundo de Fundos: Indefinido","FII EXES","9,70","38,5 M","2023-08-05 13:45:58.630607","0,94","-14,60 %","1,04","R$ 88,00","-14,60%"
"FAED11B","Outros: Indefinido","FII ANH EDUC","-","-","2023-08-05 13:45:58.637363","N/A","N/A %","N/A","R$ 0,00","0,00%"
"FAMB11B","Tijolo: Lajes Corporativas","Edifício Almirante Barroso","-","308,4 M","2023-08-05 13:45:58.640395","0,33","5,44 %","9,16","R$ 959,49","5,44%"
"FARM11","Outros: Misto","SANTA FÉ TERRA MATER","-","-","2023-08-05 13:45:58.642226","N/A","N/A %","N/A","R$ 0,00","0,00%"
"FATN11","Tijolo: Lajes Corporativas","FUNDO DE INVESTIMENTO IMOBILIÁRIO ATHENA I","9,57","126,2 M","2023-08-05 13:45:58.644268","0,98","0,08 %","0,84","R$ 97,50","-0,40%"
"FCAS11","Outros: Lajes Corporativas","FII CASTELO","-","80,7 M","2023-08-05 13:45:58.645939","N/A","N/A %","0,12","R$ 0,00","0,00%"
"FCFL11","Tijolo: Educacional","Campus Faria Lima","8,33","403,7 M","2023-08-05 13:45:58.647644","1,00","0,06 %","0,79","R$ 115,75","-0,19%"
"FCFL11B","Outros: Indefinido","FII CAMPUSFL","-","-","2023-08-05 13:45:58.651887","N/A","N/A %","N/A","R$ 0,00","0,00%"
"FEXC11","Papel: Papéis","BTG Pactual Fundo de CRI","134,61","1,0 B","2023-08-05 13:45:58.653603","0,10","-3,91 %","0,95","R$ 83,50","0,00%"
"FEXC11B","Outros: Indefinido","FII EXCELLEN","-","-","2023-08-05 13:45:58.655064","N/A","N/A %","N/A","R$ 0,00","0,00%"
"FFCI11","Tijolo: Indefinido","FII RIOB RC","-","-","2023-08-05 13:45:58.656375","N/A","N/A %","N/A","R$ 0,00","0,00%"
"FIGS11","Tijolo: Shoppings","General Shopping Ativo e Renda","7,82","216,3 M","2023-08-05 13:45:58.660219","0,86","1,72 %","0,45","R$ 65,12","0,52%"
"FIIB11","Tijolo: Imóveis Industriais e Logísticos","Industrial do Brasil","8,11","316,2 M","2023-08-05 13:45:58.661496","1,12","2,37 %","3,70","R$ 517,98","1,40%"
"FIIP11B","Tijolo: Imóveis Industriais e Logísticos","RB Capital Renda I","9,31","188,4 M","2023-08-05 13:45:58.662780","0,87","-0,57 %","1,44","R$ 175,99","1,85%"
"FINF11","Tijolo: Imóveis Industriais e Logísticos","Infra Real State","-","33,6 M","2023-08-05 13:45:58.664076","N/A","N/A %","0,28","R$ 0,00","0,00%"
"FISC11","Tijolo: Lajes Corporativas","FDO INV IMOB SC 401","2,09","195,8 M","2023-08-05 13:45:58.665375","1,43","N/A %","0,45","R$ 165,00","0,00%"
"FISD11","Papel: Papéis","São Domingos","-","71,6 M","2023-08-05 13:45:58.668630","N/A","N/A %","6,53","R$ 0,00","0,00%"
"FIVN11","Tijolo: Shoppings","Vida Nova","-","72,3 M","2023-08-05 13:45:58.670497","0,52","-0,99 %","N/A","R$ 4,00","0,25%"
"FLCI11","Outros: Indefinido","FII LCI PREM","-","-","2023-08-05 13:45:58.674032","N/A","N/A %","N/A","R$ 0,00","0,00%"
"FLMA11","Tijolo: Lajes Corporativas","Continental Square Faria Lima","7,17","220,7 M","2023-08-05 13:45:58.680050","0,87","-3,23 %","0,97","R$ 138,32","-3,75%"
"FLRP11","Tijolo: Shoppings","Floripa Shopping","8,25","119,0 M","2023-08-05 13:45:58.684864","1,04","-2,71 %","13,50","R$ 1.900,00","-2,71%"
"FLRP11B","Outros: Indefinido","FII FLORIPA","-","-","2023-08-05 13:45:58.686478","N/A","N/A %","N/A","R$ 0,00","0,00%"
"FMOF11","Tijolo: Lajes Corporativas","Memorial Office","0,81","60,3 M","2023-08-05 13:45:58.687799","0,48","3,64 %","0,15","R$ 57,00","-0,02%"
"FPAB11","Tijolo: Lajes Corporativas","Projeto Água Branca","11,77","280,7 M","2023-08-05 13:45:58.690390","0,49","2,04 %","5,67","R$ 185,00","0,82%"
"CXCO11","Tijolo: Lajes Corporativas","FDO. INV. IMOB. CAIXA IMÓVEIS CORPORATIVOS","10,93","388,8 M","2023-08-05 13:45:58.570577","0,86","-0,18 %","0,74","R$ 85,25","0,11%"
"CXRI11","Papel: Fundo de Fundos","Caixa Rio Bravo","8,37","143,1 M","2023-08-05 13:45:58.572547","0,89","1,48 %","0,57","R$ 80,40","1,11%"
"FLEM11","Fiagro: Indefinido","051 AGRO FAZENDAS II FDO DE INV FIAGRO IMOBILIÁRIO","-","283,9 M","2023-08-05 13:45:58.677119","N/A","N/A %","N/A","R$ 0,00","0,00%"
"FVBI11B","Outros: Indefinido","FII VBI 4440","-","-","2023-08-05 13:45:58.700318","N/A","N/A %","N/A","R$ 0,00","0,00%"
"FVPQ11","Tijolo: Shoppings","Via Parque Shopping","9,41","539,3 M","2023-08-05 13:45:58.703361","0,62","1,58 %","1,14","R$ 118,86","-0,74%"
"FZDA11","Fiagro: Indefinido","051 Agro","1,90","158,0 M","2023-08-05 13:45:58.704821","1,17","1,76 %","2,26","R$ 120,99","0,83%"
"GAME11","Fundo Misto: Indefinido","FDO DE INVEST IMOB GUARDIAN MULTIESTRATÉGIA I","13,16","220,5 M","2023-08-05 13:45:58.708745","0,92","1,08 %","0,10","R$ 9,34","0,21%"
"GCFF11","Papel: Fundo de Fundos","GALAPAGOS FDO DE FDO - FII FDO INV. IMOB.","9,58","27,9 M","2023-08-05 13:45:58.710192","0,89","0,61 %","0,75","R$ 69,30","0,14%"
"GCRA11","Fiagro: Indefinido","FIAGRO GLPG","16,43","171,6 M","2023-08-05 13:45:58.711567","0,95","-2,55 %","1,28","R$ 91,83","-1,90%"
"GESE11B","Tijolo: Educacional","FDO INV IMOB GENERAL SEVERIANO","11,03","91,6 M","2023-08-05 13:45:58.714284","0,86","N/A %","14,60","R$ 1.520,00","0,00%"
"GGRC11","Tijolo: Imóveis Industriais e Logísticos","GGR Covepi Renda","9,98","926,2 M","2023-08-05 13:45:58.715669","1,05","-0,88 %","0,95","R$ 119,69","-0,42%"
"GLPL11","Outros: Indefinido","FII GLP LOG","-","-","2023-08-05 13:45:58.718646","N/A","N/A %","N/A","R$ 0,00","0,00%"
"GRLV11","Tijolo: Imóveis Industriais e Logísticos","FII LOUVEIRA","-","6,4 M","2023-08-05 13:45:58.720716","17,51","N/A %","0,17","R$ 104,51","0,00%"
"GRWA11","Fiagro: Indefinido","GREENWICH AGRO FIAGRO","4,26","12,9 M","2023-08-05 13:45:58.722180","1,02","0,19 %","0,14","R$ 10,33","0,10%"
"GTLG11","Tijolo: Imóveis Industriais e Logísticos","GTIS BRAZIL LOGISTICS","12,94","651,1 M","2023-08-05 13:45:58.724799","0,73","1,54 %","0,84","R$ 66,00","0,76%"
"GTWR11","Tijolo: Lajes Corporativas","FDO INV IMOB GREEN TOWERS","11,10","1,1 B","2023-08-05 13:45:58.726096","0,88","-0,87 %","0,79","R$ 83,85","-0,05%"
"GWIR11","Outros: Shoppings","FII GWI RI","-","91,2 M","2023-08-05 13:45:58.727382","0,74","N/A %","N/A","R$ 175,99","0,00%"
"GZIT11","Fundo Misto: Indefinido","FII GAZIT","-","1,8 B","2023-08-05 13:45:58.728664","N/A","N/A %","N/A","R$ 0,00","0,00%"
"HAAA11","Tijolo: Lajes Corporativas","HEDGE AAA","9,18","278,9 M","2023-08-05 13:45:58.729942","0,77","-1,57 %","0,29","R$ 62,01","-3,11%"
"HABT11","Papel: Papéis","HABITAT II - FDO INV IMOB","14,32","810,2 M","2023-08-05 13:45:58.731224","0,95","0,32 %","1,20","R$ 95,10","0,06%"
"HBRH11","Tijolo: Lajes Corporativas","FDO.INVEST. IMOB. MULTI RENDA URBANA","7,74","311,4 M","2023-08-05 13:45:58.735516","0,85","1,20 %","0,54","R$ 95,12","1,20%"
"HBTT11","Papel: Papéis","Habitat I","-","-","2023-08-05 13:45:58.737016","N/A","N/A %","16,58","R$ 1.055,00","0,00%"
"HCHG11","Papel: Papéis","HECTARE RECEBÍVEIS HIGH GRADE","15,09","117,1 M","2023-08-05 13:45:58.738324","0,82","-0,90 %","1,05","R$ 80,16","-1,00%"
"HCPR11","Fundo Misto: Indefinido","FII HECT PRP","-","-","2023-08-05 13:45:58.739684","N/A","N/A %","N/A","R$ 0,00","0,00%"
"HCRI11","Tijolo: Hospitalar","Hospital da Criança","8,66","61,6 M","2023-08-05 13:45:58.742278","0,96","2,48 %","2,68","R$ 297,20","2,47%"
"HCRI11B","Outros: Indefinido","FII CRIANCA","-","-","2023-08-05 13:45:58.743781","N/A","N/A %","N/A","R$ 0,00","0,00%"
"HCST11","Fundo Misto: Fundo de Desenvolvimento","HECTARE DESENV. STUDENT HOUSING","-","47,8 M","2023-08-05 13:45:58.745143","0,49","-1,21 %","N/A","R$ 50,01","-1,94%"
"HCTR11","Papel: Papéis","HECTARE CE - FDO INV IMOB","19,03","2,4 B","2023-08-05 13:45:58.746480","0,50","0,16 %","0,50","R$ 54,91","0,09%"
"HDOF11","Fundo Misto: Fundo de Desenvolvimento","FII HEDGE OF","-","201,1 M","2023-08-05 13:45:58.749107","1,18","N/A %","N/A","R$ 115,00","-11,54%"
"HFOF11","Papel: Fundo de Fundos","Hedge Top FOFII 3","9,11","1,9 B","2023-08-05 13:45:58.752160","1,00","0,84 %","0,63","R$ 82,35","1,33%"
"HGAG11","Fiagro: Indefinido","High Fundo de Investimento Agro","19,06","5,7 M","2023-08-05 13:45:58.754024","1,47","-7,24 %","0,46","R$ 25,00","-8,46%"
"HGBS11","Tijolo: Shoppings","CSHG Brasil Shopping","7,48","2,2 B","2023-08-05 13:45:58.755608","1,02","2,29 %","1,55","R$ 226,08","0,49%"
"HGFF11","Papel: Fundo de Fundos","CSHG IMOB. FOF - FDO INV. IMOB. - FII","8,79","266,3 M","2023-08-05 13:45:58.758287","0,95","1,43 %","0,65","R$ 88,75","1,15%"
"HGIC11","Papel: Papéis","HGI CRÉDITOS IMOBILIÁRIOS","11,56","54,1 M","2023-08-05 13:45:58.759583","0,91","-0,08 %","1,00","R$ 106,42","0,91%"
"HGJH11","Tijolo: Lajes Corporativas","FII CSHGJHSF","-","524,4 M","2023-08-05 13:45:58.760917","0,64","N/A %","0,80","R$ 191,29","0,00%"
"HGLG11","Tijolo: Imóveis Industriais e Logísticos","CGHG Logística","8,99","3,6 B","2023-08-05 13:45:58.762250","1,06","0,37 %","1,10","R$ 163,56","0,22%"
"HGPO11","Tijolo: Lajes Corporativas","CSHG PRIME OFFICES FDO INV IMOB","6,49","524,4 M","2023-08-05 13:45:58.763557","0,98","0,30 %","1,60","R$ 292,50","-0,67%"
"HGRE11","Tijolo: Lajes Corporativas","CSHG Real Estate","7,23","1,8 B","2023-08-05 13:45:58.764844","0,91","4,40 %","0,78","R$ 142,00","1,88%"
"HGRS11","Tijolo: Imóveis Residenciais","FII CSHG RSD","-","149,9 M","2023-08-05 13:45:58.766196","N/A","N/A %","N/A","R$ 0,00","0,00%"
"HMOC11","Tijolo: Shoppings","FII HEDMOCA","-","91,2 M","2023-08-05 13:45:58.772544","0,95","N/A %","23,80","R$ 226,95","0,00%"
"HOFC11","Tijolo: Lajes Corporativas","FII HOFFICEI","9,33","337,6 M","2023-08-05 13:45:58.774420","0,27","1,60 %","0,20","R$ 24,07","0,29%"
"HOSI11","Tijolo: Imóveis Residenciais","FDO. INV. IMOB. HOUSI","11,33","52,8 M","2023-08-05 13:45:58.776332","0,74","-1,10 %","0,47","R$ 68,24","-0,16%"
"HPDP11","Tijolo: Shoppings","HEDGE SHOPPING PARQUE DOM PEDRO FDO. DE INV. IMOB.","6,92","260,3 M","2023-08-05 13:45:58.777768","0,99","-0,10 %","0,53","R$ 88,88","-0,02%"
"HRDF11","Fundo Misto: Fundo de Desenvolvimento","HEDGE REALTY DEVELOPMENT FDO INV IMOB","-","9,3 M","2023-08-05 13:45:58.779427","0,69","-3,85 %","6,80","R$ 4,24","1,19%"
"HREC11","Papel: Papéis","HEDGE RECEBIVEIS IMOB","12,79","483,0 M","2023-08-05 13:45:58.780997","0,89","0,35 %","0,85","R$ 83,47","0,02%"
"HSLG11","Tijolo: Imóveis Industriais e Logísticos","HSI LOGÍSTICA","8,56","1,3 B","2023-08-05 13:45:58.787214","0,96","3,85 %","0,73","R$ 99,90","3,36%"
"HSML11","Tijolo: Shoppings","HSI MALL FDO INV IMOB","8,93","1,5 B","2023-08-05 13:45:58.788907","1,01","1,55 %","0,74","R$ 95,70","0,62%"
"HSRE11","Fundo Misto: Misto","HSI RENDA IMOB","7,28","830,7 M","2023-08-05 13:45:58.790257","1,11","-0,39 %","0,60","R$ 103,40","-0,39%"
"HTMX11","Tijolo: Hotéis","Hotel Maxinvest","11,02","207,3 M","2023-08-05 13:45:58.791775","0,96","2,75 %","1,87","R$ 132,48","1,67%"
"HTMX11B","Outros: Indefinido","FII HOTEL MX","-","-","2023-08-05 13:45:58.793149","N/A","N/A %","N/A","R$ 0,00","0,00%"
"FRHY11","Fundo Misto: Indefinido","FII FRONT","-","9,5 M","2023-08-05 13:45:58.693159","N/A","N/A %","1,03","R$ 0,00","0,00%"
"FTCE11B","Fundo Misto: Misto","Oportunity","8,16","2,7 B","2023-08-05 13:45:58.694517","1,02","N/A %","112,96","R$ 2.900,89","1,08%"
"HUSI11","Tijolo: Hospitalar","HUSI FDO INV. IMOB.","9,25","128,9 M","2023-08-05 13:45:58.797300","1,03","-2,00 %","7,63","R$ 1.136,80","-2,00%"
"IAAG11","Fiagro: Indefinido","INTER AMERRA - FIAGRO","0,50","52,4 M","2023-08-05 13:45:58.798672","1,04","2,03 %","0,05","R$ 10,04","0,30%"
"IAGR11","Fiagro: Fiagro","FIAGRO SFI","-","-","2023-08-05 13:45:58.802348","N/A","N/A %","N/A","R$ 0,00","0,00%"
"IDFI11","Fundo Misto: Indefinido","FII UNIDADES","15,07","82,4 M","2023-08-05 13:45:58.807172","0,94","-0,03 %","0,40","R$ 37,48","5,55%"
"IFID11","Fundo de Fundos: Indefinido","FII IFI-D","-","-","2023-08-05 13:45:58.808471","N/A","N/A %","N/A","R$ 0,00","0,00%"
"IFIE11","Fundo de Fundos: Indefinido","FII IFI-E","-","-","2023-08-05 13:45:58.809769","N/A","N/A %","N/A","R$ 0,00","0,00%"
"IFRA11","FIInfra: Fundo de Desenvolvimento","ITAU FDO INV COTAS FDO INCENT DE INV INFR. RF CP","-","-","2023-08-05 13:45:58.811132","N/A","0,16 %","N/A","R$ 104,12","0,42%"
"IRDM11","Papel: Papéis","Iridium Recebíveis Imobiliários","12,90","3,3 B","2023-08-05 13:45:58.812433","0,97","0,63 %","0,87","R$ 87,30","0,14%"
"IRIM11","Fundo Misto: Indefinido","IRIDIUM FUNDO DE INVESTIMENTO IMOBILIÁRIO","13,02","184,2 M","2023-08-05 13:45:58.813732","1,00","-0,27 %","1,09","R$ 95,54","0,23%"
"ITIP11","Papel: Papéis","FII INTER IP","13,05","58,6 M","2023-08-05 13:45:58.815167","0,96","-1,72 %","0,79","R$ 75,48","-2,33%"
"ITIT11","Papel: Fundo de Fundos","FII INTER IT","8,97","78,0 M","2023-08-05 13:45:58.816745","0,90","0,77 %","0,66","R$ 78,25","0,58%"
"JBFO11","Fundo Misto: Papéis","JBFO FOF FDO INV. IMOB.","7,30","113,5 M","2023-08-05 13:45:58.821742","1,04","N/A %","0,54","R$ 92,01","-0,59%"
"JCDA11","Fundo Misto: Misto","FII JCDA I","-","160,2 M","2023-08-05 13:45:58.823132","N/A","N/A %","N/A","R$ 0,00","0,00%"
"JGPX11","Fiagro: Indefinido","FIAGRO JGP","14,88","81,8 M","2023-08-05 13:45:58.825737","1,00","0,30 %","1,17","R$ 99,80","0,12%"
"JPPA11","Papel: Papéis","JPP ALLOCATION MOGNO - FDO INV IMOB","17,25","89,7 M","2023-08-05 13:45:58.827030","1,00","0,44 %","1,25","R$ 98,75","-0,10%"
"JPPC11","Fundo Misto: Fundo de Desenvolvimento","JPP Capital","0,09","22,3 M","2023-08-05 13:45:58.828321","0,49","-0,05 %","0,17","R$ 199,99","4,22%"
"JRDM11","Tijolo: Shoppings","Shopping Jardim Sul","8,78","224,1 M","2023-08-05 13:45:58.829606","0,97","3,66 %","0,40","R$ 85,90","1,06%"
"JRDM11B","Outros: Indefinido","FII SHOPJSUL","-","-","2023-08-05 13:45:58.830896","N/A","N/A %","N/A","R$ 0,00","0,00%"
"JSRE11","Fundo Misto: Misto","JS Real Estate Multigestão","7,41","2,3 B","2023-08-05 13:45:58.833572","0,68","-2,64 %","0,46","R$ 77,20","-0,19%"
"JTPR11","Fundo Misto: Fundo de Desenvolvimento","JT Prev FII Desenvolvimento Habitacional","-","17,4 M","2023-08-05 13:45:58.836625","30,97","N/A %","1,63","R$ 2.517,00","0,00%"
"JURO11","FIInfra: Fundo de Desenvolvimento","SPARTA INFRA FIC FI INFRA RENDA FIXA CP","-","-","2023-08-05 13:45:58.838368","N/A","0,24 %","N/A","R$ 105,80","-1,12%"
"KCRE11","Fundo Misto: Indefinido","FII KINEA CR","10,91","376,0 M","2023-08-05 13:45:58.839900","0,93","0,33 %","0,90","R$ 97,22","-0,03%"
"KEVE11","Fundo Misto: Fundo de Desenvolvimento","EVEN II KINEA","0,45","135,6 M","2023-08-05 13:45:58.842557","1,19","0,93 %","0,74","R$ 1.088,98","0,83%"
"KFOF11","Papel: Fundo de Fundos","FUNDO DE FDO INV IMOB KINEA FII","8,82","442,3 M","2023-08-05 13:45:58.843888","1,04","3,92 %","0,75","R$ 101,89","1,83%"
"KINP11","Fundo Misto: Fundo de Desenvolvimento","Even Permuta Kinea","74,48","26,4 M","2023-08-05 13:45:58.845176","2,66","-4,20 %","3,05","R$ 9,82","-1,50%"
"KISU11","Papel: Fundo de Fundos","KILIMA FIC FDO. IMOB. SUNO 30","10,24","406,6 M","2023-08-05 13:45:58.846461","0,95","0,34 %","0,07","R$ 8,76","-0,11%"
"KIVO11","Papel: Papéis","FII KIVO","17,45","114,7 M","2023-08-05 13:45:58.847736","0,98","0,82 %","1,20","R$ 92,10","-1,49%"
"KNCA11","Fiagro: Indefinido","FIAGRO KINEA","14,89","1,4 B","2023-08-05 13:45:58.849062","1,05","0,65 %","1,13","R$ 106,44","0,65%"
"KNCR11","Papel: Papéis","Kinea Rendimentos Imobiliários","14,25","5,8 B","2023-08-05 13:45:58.850521","0,97","0,26 %","1,15","R$ 97,40","0,40%"
"KNHY11","Papel: Papéis","Kinea High Yield CRI","11,74","1,9 B","2023-08-05 13:45:58.853158","0,96","-0,12 %","0,85","R$ 97,92","-0,08%"
"KNIP11","Papel: Papéis","Kinea Índice de Preços","9,83","7,9 B","2023-08-05 13:45:58.855114","0,92","0,02 %","0,52","R$ 91,00","0,22%"
"KNPR11","Fundo Misto: Indefinido","FII KINEA PR","-","58,7 M","2023-08-05 13:45:58.856659","N/A","N/A %","3,88","R$ 0,00","0,00%"
"KNRI11","Fundo Misto: Misto","Kinea Renda Imobiliária","7,29","3,9 B","2023-08-05 13:45:58.859289","1,01","0,39 %","0,95","R$ 162,02","0,11%"
"KNSC11","Papel: Papéis","KINEA SECURITIES FDO. DE INV. IMOB. - FII","11,17","1,2 B","2023-08-05 13:45:58.860593","0,97","0,30 %","0,70","R$ 88,31","0,16%"
"LATR11B","Fundo Misto: Fundo de Desenvolvimento","Lateres","202,33","1,2 M","2023-08-05 13:45:58.863310","0,95","0,11 %","10,00","R$ 9,51","0,11%"
"LAVF11","Fundo Misto: Indefinido","FII LAVOURA","-","116,2 K","2023-08-05 13:45:58.864692","N/A","N/A %","1,30","R$ 0,00","0,00%"
"LFTT11","Papel: Papéis","LOFT II FUNDO DE INVESTIMENTO IMOBILIÁRIO","6,40","217,1 M","2023-08-05 13:45:58.865998","1,73","-0,26 %","3,67","R$ 50,75","-0,10%"
"LGCP11","Tijolo: Imóveis Industriais e Logísticos","LOGCP INTER FDO INV IMOB","8,70","281,1 M","2023-08-05 13:45:58.869094","0,83","-1,79 %","0,64","R$ 85,44","-0,07%"
"LIFE11","Tijolo: Imóveis Comerciais - Outros","FII LIFE","15,96","173,8 M","2023-08-05 13:45:58.871950","1,01","-0,39 %","0,12","R$ 10,30","-0,29%"
"LKDV11","Papel: Papéis","FUNDO DE INVESTIMENTO IMOBILIÁRIO DEVELOPMENT V1","-","66,6 M","2023-08-05 13:45:58.873666","0,97","N/A %","N/A","R$ 969,58","0,00%"
"LLAO11","Fundo Misto: Misto","FII BS2","-","34,5 M","2023-08-05 13:45:58.875274","N/A","N/A %","0,71","R$ 0,00","0,00%"
"LPLP11","Fundo Misto: Indefinido","FII LAGO PDR","-","131,5 M","2023-08-05 13:45:58.878108","N/A","N/A %","9,26","R$ 0,00","0,00%"
"LRDI11","Fundo Misto: Indefinido","FII LEBLON","-","31,0 M","2023-08-05 13:45:58.879914","N/A","N/A %","N/A","R$ 0,00","0,00%"
"LSAG11","Outros: Misto","Leste","-","-","2023-08-05 13:45:58.881810","N/A","0,59 %","N/A","R$ 105,04","0,40%"
"LSPA11","Papel: Papéis","LESTE RIVA EQUITY PREFERENCIAL I","8,98","46,3 M","2023-08-05 13:45:58.885179","0,89","N/A %","0,80","R$ 101,30","-5,62%"
"LVBI11","Tijolo: Imóveis Industriais e Logísticos","FDO INV IMOB - VBI LOGÍSTICO","7,64","1,4 B","2023-08-05 13:45:58.889498","1,02","1,81 %","0,79","R$ 118,61","0,10%"
"MANA11","Fundo Misto: Indefinido","FII MANATI","13,77","192,9 M","2023-08-05 13:45:58.892108","1,01","2,58 %","0,11","R$ 9,95","0,71%"
"MATV11","Fundo Misto: Indefinido","MORE GESTÃO ATIVA DE RECEBÍVEIS FDO DE INV IMOB","8,31","39,9 M","2023-08-05 13:45:58.893520","0,92","4,00 %","0,60","R$ 86,63","-0,01%"
"HUCG11","Tijolo: Hospitalar","FII UNIMED C","6,17","115,0 M","2023-08-05 13:45:58.794479","0,99","3,02 %","0,32","R$ 101,99","-0,66%"
"HUSC11","Tijolo: Hospitalar","Hospital Unimed Sul Capixaba","9,67","119,1 M","2023-08-05 13:45:58.796002","0,76","3,19 %","0,92","R$ 110,00","-3,51%"
"MBRF11","Tijolo: Lajes Corporativas","Mercantil do Brasil","-","-","2023-08-05 13:45:58.899021","N/A","N/A %","N/A","R$ 0,00","0,00%"
"MCCI11","Papel: Papéis","FDO INV. MAUA CAPITAL RECEBIVEIS IMOB. - FII","13,01","1,6 B","2023-08-05 13:45:58.900448","0,99","3,56 %","0,95","R$ 95,09","2,28%"
"MCFF11","Outros: Indefinido","FII MAUA FOF","-","-","2023-08-05 13:45:58.904113","N/A","N/A %","N/A","R$ 0,00","0,00%"
"MCHF11","Papel: Papéis","MAUÁ CAPITAL HEDGE FUND","13,48","308,0 M","2023-08-05 13:45:58.907369","0,98","1,41 %","0,10","R$ 9,36","0,11%"
"MFAI11","Papel: Fundo de Fundos","MERITO FDO. AÇÕES IMOB. FII - FDO INV. IMOB.","9,15","26,2 M","2023-08-05 13:45:58.910175","0,98","2,68 %","0,57","R$ 71,90","0,14%"
"MFCR11","Fundo Misto: Indefinido","FII MERITO R","12,48","10,7 M","2023-08-05 13:45:58.911643","0,98","2,04 %","1,40","R$ 103,90","-0,01%"
"MFVI11","Outros: Indefinido","FII MV9","-","-","2023-08-05 13:45:58.914382","N/A","N/A %","N/A","R$ 0,00","0,00%"
"MGCR11","Papel: Papéis","MOGNO CRI HIGH GRADE","130,30","130,5 M","2023-08-05 13:45:58.915797","0,10","-89,25 %","1,04","R$ 9,40","1,51%"
"MGFF11","Papel: Fundo de Fundos","Mogno Fundo de Fundos","8,27","680,0 M","2023-08-05 13:45:58.917205","0,92","0,26 %","0,50","R$ 69,18","-0,50%"
"MGHT11","Tijolo: Hotéis","FDO. INV. IMOB. MOGNO HOTEIS","12,90","114,6 M","2023-08-05 13:45:58.918518","0,80","1,60 %","0,80","R$ 69,80","1,01%"
"MGLC11","Fundo Misto: Fundo de Desenvolvimento","MOGNO PROPERTIES","-","-","2023-08-05 13:45:58.921809","N/A","N/A %","N/A","R$ 0,00","0,00%"
"MGLG11","Tijolo: Imóveis Industriais e Logísticos","MOGNO LOGÍSTICA FUNDO DE INVEST. IMOBILIARIO","10,40","116,1 M","2023-08-05 13:45:58.923635","0,55","4,04 %","0,35","R$ 40,99","0,73%"
"MGRI11","Fundo Misto: Indefinido","FII MGRI","-","24,1 M","2023-08-05 13:45:58.925001","N/A","N/A %","2,56","R$ 0,00","0,00%"
"MINT11","Tijolo: Educacional","MINT EDUCACIONAL","-","67,9 M","2023-08-05 13:45:58.926305","0,86","0,02 %","N/A","R$ 112,00","0,02%"
"MMPD11","Fundo Misto: Indefinido","FII MAUA MPD","-","58,6 M","2023-08-05 13:45:58.927588","N/A","N/A %","5,18","R$ 0,00","0,00%"
"MMVE11","Fundo Misto: Indefinido","FII MMVE OP","-","73,4 M","2023-08-05 13:45:58.928875","1,04","N/A %","N/A","R$ 163,84","-1,20%"
"MORC11","Papel: Papéis","MORE RECEBÍVEIS IMOBILIÁRIOS FII","14,46","148,1 M","2023-08-05 13:45:58.931516","0,96","0,91 %","1,10","R$ 93,85","0,16%"
"MTOF11","Tijolo: Lajes Corporativas","MULTIOFFICES 1","-","163,6 M","2023-08-05 13:45:58.934480","N/A","N/A %","N/A","R$ 0,00","0,00%"
"MTRS11","Fundo Misto: Papéis","FDO INV IMOB - BTG PACTUAL METROPOLIS","-","-","2023-08-05 13:45:58.935975","N/A","N/A %","N/A","R$ 0,00","0,00%"
"MVFI11","Fundo Misto: Misto","FDO INV IMOB MV9","-","121,6 M","2023-08-05 13:45:58.939332","N/A","N/A %","N/A","R$ 0,00","0,00%"
"MXRF11","Papel: Papéis","Maxi Renda","12,34","2,3 B","2023-08-05 13:45:58.940764","1,06","0,66 %","0,12","R$ 10,70","0,56%"
"NAVT11","Papel: Papéis","NAVI IMOBILIÁRIO TOTAL RETURN","11,26","102,2 M","2023-08-05 13:45:58.942102","0,93","0,46 %","0,90","R$ 90,45","-0,34%"
"NCHB11","Papel: Papéis","FII NCH EQI","16,16","154,9 M","2023-08-05 13:45:58.943418","0,93","0,72 %","1,00","R$ 85,15","0,06%"
"NCHB11B","Outros: Indefinido","FII NCH BRA","-","-","2023-08-05 13:45:58.944728","N/A","N/A %","N/A","R$ 0,00","0,00%"
"NCRA11","Fiagro: Indefinido","NCH EQI Recebíveis do Agronegócio","18,24","43,1 M","2023-08-05 13:45:58.946029","0,97","0,09 %","0,10","R$ 11,13","-0,45%"
"NCRI11","Papel: Papéis","NAVI CRÉDITO IMOBILIÁRIO","8,22","40,6 M","2023-08-05 13:45:58.947324","0,91","0,87 %","0,10","R$ 9,30","-1,59%"
"NEWL11","Tijolo: Imóveis Industriais e Logísticos","Newport Logística","10,44","240,5 M","2023-08-05 13:45:58.948609","0,96","-0,21 %","0,95","R$ 113,66","0,01%"
"NSLU11","Tijolo: Hospitalar","Hospital Nossa Sra Lourdes","9,09","257,9 M","2023-08-05 13:45:58.951408","0,96","4,22 %","1,56","R$ 191,19","-0,35%"
"NSLU11B","Outros: Indefinido","FII LOURDES","-","-","2023-08-05 13:45:58.954331","N/A","N/A %","N/A","R$ 0,00","0,00%"
"NVIF11B","Fundo Misto: Fundo de Desenvolvimento","FII NOVA I","2,54","116,9 M","2023-08-05 13:45:58.957912","0,64","N/A %","0,89","R$ 227,50","0,00%"
"OGIN11","FIInfra: Fundo de Desenvolvimento","ÓRAMA FIC FI-Infra","-","-","2023-08-05 13:45:58.959361","N/A","N/A %","N/A","R$ 0,00","0,00%"
"OIAG11","Fiagro: Indefinido","Ourinvest Innovation","15,88","88,4 M","2023-08-05 13:45:58.960849","0,98","-2,46 %","0,11","R$ 9,50","-1,66%"
"ONEF11","Tijolo: Lajes Corporativas","The One","5,92","209,5 M","2023-08-05 13:45:58.962169","0,85","-0,97 %","1,02","R$ 194,36","-1,63%"
"ORPD11","Papel: Fundo de Desenvolvimento","FII OURO PRT","-","42,6 M","2023-08-05 13:45:58.963461","0,63","-3,13 %","1,38","R$ 93,00","0,00%"
"OUCY11","Papel: Papéis","FII OURICYRE","-","-","2023-08-05 13:45:58.964756","N/A","N/A %","N/A","R$ 0,00","0,00%"
"OUJP11","Papel: Papéis","OURINVEST JPP","14,93","321,0 M","2023-08-05 13:45:58.967493","1,02","1,20 %","1,20","R$ 100,43","0,72%"
"OULG11B","Tijolo: Indefinido","FII OURILOG","-","-","2023-08-05 13:45:58.970686","N/A","N/A %","N/A","R$ 0,00","0,00%"
"OURE11","Fundo Misto: Misto","Ourinvest Cyrela","14,49","99,2 M","2023-08-05 13:45:58.973155","0,93","0,18 %","1,00","R$ 85,25","0,06%"
"PABY11","Fundo Misto: Fundo de Desenvolvimento","Panamby","-","-14.173.093","2023-08-05 13:45:58.974763","N/A","-0,50 %","N/A","R$ 23,98","-0,37%"
"PATB11","Tijolo: Lajes Corporativas","FDO INV IMOB - FII PATEO BANDEIRANTES","-","673,5 M","2023-08-05 13:45:58.976578","N/A","N/A %","7,15","R$ 0,00","0,00%"
"PATC11","Fundo Misto: Fundo de Desenvolvimento","PÁTRIA-EDIFÍCIOS-CORPORATIVOS-FDO-INV-IMOB","5,79","262,0 M","2023-08-05 13:45:58.978355","0,92","-1,28 %","0,34","R$ 69,20","-1,14%"
"PATL11","Tijolo: Imóveis Industriais e Logísticos","PÁTRIA LOGÍSTICA FUNDO DE INVESTIMENTO IMOBILIÁRIO","9,68","491,6 M","2023-08-05 13:45:58.979942","0,74","3,53 %","0,60","R$ 72,50","0,43%"
"PBLV11","Tijolo: Imóveis Industriais e Logísticos","PROLOGIS BRAZIL LOGISTICS VENTURE FDO INV IMOB","8,50","5,7 B","2023-08-05 13:45:58.981477","0,61","N/A %","39,65","R$ 926,98","0,00%"
"PCAS11","Fundo Misto: Indefinido","FII PRAIA CS","-","466,5 M","2023-08-05 13:45:58.983717","N/A","N/A %","N/A","R$ 0,00","0,00%"
"PDDA11B","Outros: Indefinido","FII PEDRA D","-","-","2023-08-05 13:45:58.985852","N/A","N/A %","N/A","R$ 0,00","0,00%"
"PEMA11","Papel: Papéis","PERFORMA REAL ESTATE","17,55","40,6 M","2023-08-05 13:45:58.990461","0,62","-11,77 %","0,37","R$ 45,52","-1,47%"
"PLCR11","Papel: Papéis","FDO INV. IMOB. PLURAL RECEBIVEIS","13,95","196,2 M","2023-08-05 13:45:58.993318","0,96","0,28 %","1,05","R$ 89,15","0,18%"
"PLRI11","Papel: Papéis","Polo Recebíveis Imobiliários I","8,19","30,0 M","2023-08-05 13:45:58.995908","0,60","-1,39 %","0,16","R$ 18,77","1,40%"
"MAXR11","Tijolo: Varejo","Max Retail","10,29","139,1 M","2023-08-05 13:45:58.896351","0,61","2,55 %","0,72","R$ 75,51","3,09%"
"MAXR11B","Outros: Indefinido","FII MAX RET","-","-","2023-08-05 13:45:58.897665","N/A","N/A %","N/A","R$ 0,00","0,00%"
"PORD11","Papel: Papéis","Polo Recebíveis Imobiliários II","13,74","365,8 M","2023-08-05 13:45:59.001588","0,91","0,18 %","1,00","R$ 89,21","-0,25%"
"PQDP11","Tijolo: Shoppings","Parque Dom Pedro Shopping Center","10,22","766,4 M","2023-08-05 13:45:59.006218","0,64","0,20 %","17,15","R$ 2.000,00","0,25%"
"PRSN11B","Fundo Misto: Fundo de Desenvolvimento","Lateres","11,45","13,2 M","2023-08-05 13:45:59.008036","0,37","4,17 %","0,17","R$ 1,50","-2,60%"
"PRSV11","Tijolo: Lajes Corporativas","Presidente Vargas","-","41,5 M","2023-08-05 13:45:59.009588","0,39","0,90 %","1,62","R$ 83,83","1,00%"
"PRTS11","Tijolo: Shoppings","Multi Properties FII","0,05","3,1 M","2023-08-05 13:45:59.010960","1.961,67","N/A %","0,05","R$ 117,70","0,00%"
"PRZS11","Fundo Misto: Papéis","PRAZO - FUNDO DE INVESTIMENTO IMOBILIÁRIO","-","103,9 M","2023-08-05 13:45:59.012291","N/A","N/A %","N/A","R$ 0,00","0,00%"
"PVBI11","Tijolo: Lajes Corporativas","FDO. INV. IMOB. VBI PRIME PROPERTIES","7,02","1,2 B","2023-08-05 13:45:59.013601","1,00","0,95 %","0,72","R$ 102,41","-0,06%"
"QAGR11","Fundo Misto: Indefinido","QUASAR AGRO - FDO INV. IMOB.","10,41","290,7 M","2023-08-05 13:45:59.014912","0,84","-0,57 %","0,52","R$ 48,70","-0,06%"
"QAMI11","Papel: Papéis","QUASAR CRÉDITO IMOBILIÁRIO","13,41","75,4 M","2023-08-05 13:45:59.016215","0,85","0,26 %","0,80","R$ 80,19","-0,11%"
"QIFF11","Fundo de Fundos: Indefinido","FII QUATA","-","-","2023-08-05 13:45:59.018074","N/A","N/A %","N/A","R$ 0,00","0,00%"
"QIRI11","Papel: Papéis","QUATA IMOB RECEBÍVEIS IMOB","0,85","13,4 M","2023-08-05 13:45:59.019865","0,87","3,98 %","0,66","R$ 78,04","0,00%"
"QMFF11","Fundo de Fundos: Indefinido","FII QUATA","-","-","2023-08-05 13:45:59.022909","N/A","N/A %","N/A","R$ 0,00","0,00%"
"RBCB11","Papel: Papéis","FII RIOBRCIB","-","-","2023-08-05 13:45:59.025705","N/A","N/A %","0,30","R$ 19,00","0,00%"
"RBCO11","Tijolo: Lajes Corporativas","RB CAPITAL OFFICE INCOME FDO INV. IMOB.","-","-","2023-08-05 13:45:59.027037","N/A","N/A %","N/A","R$ 0,00","0,00%"
"RBED11","Tijolo: Educacional","Rio Bravo Renda Educacional","11,11","340,4 M","2023-08-05 13:45:59.029769","0,95","-0,07 %","1,43","R$ 136,60","0,09%"
"RBFF11","Papel: Fundo de Fundos","RIO BRAVO IFIX FDO INV IMOB","9,82","255,7 M","2023-08-05 13:45:59.031211","0,90","1,17 %","0,50","R$ 61,53","0,46%"
"RBGS11","Tijolo: Shoppings","FII RB GSB I","-","97,9 M","2023-08-05 13:45:59.032591","0,31","N/A %","0,18","R$ 28,45","0,00%"
"RBHG11","Papel: Papéis","RIO BRAVO CREDITO IMOB HIGH GRADE","14,97","159,1 M","2023-08-05 13:45:59.033947","0,95","-0,39 %","1,05","R$ 87,67","0,19%"
"RBHY11","Papel: Papéis","RIO BRAVO CRÉDITO IMOB. HIGH YIELD","15,66","177,8 M","2023-08-05 13:45:59.035329","1,00","1,38 %","1,20","R$ 94,23","0,57%"
"RBIR11","Fundo Misto: Fundo de Desenvolvimento","RB CAPITAL DESENV. RESIDENCIAL IV FDO. INV. IMOB.","1,53","158,9 M","2023-08-05 13:45:59.039557","0,84","3,87 %","0,05","R$ 86,94","-0,07%"
"RBIV11","Papel: Papéis","FII RBCRI IV","-","-","2023-08-05 13:45:59.041119","N/A","N/A %","N/A","R$ 0,00","0,00%"
"RBLG11","Tijolo: Imóveis Industriais e Logísticos","RB CAPITAL LOGÍSTICO","10,55","65,1 M","2023-08-05 13:45:59.042486","0,99","2,64 %","0,95","R$ 100,78","-0,22%"
"RBOP11","Outros: Lajes Corporativas","FII MERC BR","35,59","78,4 M","2023-08-05 13:45:59.043811","0,42","17,65 %","2,40","R$ 320,00","15,32%"
"RBRD11","Tijolo: Varejo","RB Capital Renda II","9,96","122,6 M","2023-08-05 13:45:59.045106","0,57","4,14 %","0,34","R$ 37,75","1,78%"
"RBRF11","Papel: Fundo de Fundos","RBR ALPHA MULTIESTRATÉGIA REAL ESTATE FDO INV IMOB","8,50","1,2 B","2023-08-05 13:45:59.046457","1,02","2,46 %","0,63","R$ 88,30","2,67%"
"RBRI11","Fundo Misto: Fundo de Desenvolvimento","FII RBR III","-","163,0 M","2023-08-05 13:45:59.047754","0,77","N/A %","35,62","R$ 915,00","-8,04%"
"RBRM11","Fundo Misto: Fundo de Desenvolvimento","FDO INV IMOB - FII RBR DESENVOLVIMENTO","19,40","14,8 M","2023-08-05 13:45:59.050577","3,45","N/A %","2.002,09","R$ 94.794,81","0,00%"
"RBRP11","Tijolo: Lajes Corporativas","RBR Properties","5,95","999,7 M","2023-08-05 13:45:59.052088","0,77","4,88 %","0,27","R$ 63,58","0,95%"
"RBRR11","Papel: Papéis","RBR Rendimento High Grade","11,87","1,3 B","2023-08-05 13:45:59.053486","0,95","2,74 %","0,80","R$ 91,44","0,80%"
"RBRX11","Fundo Misto: Indefinido","FII RBR MULT","15,36","181,0 M","2023-08-05 13:45:59.058528","0,97","0,13 %","1,17","R$ 93,56","0,39%"
"RBRY11","Papel: Papéis","FDO INV IMOB RBR PRIVATE CRÉDITO IMOB","13,73","555,0 M","2023-08-05 13:45:59.060702","1,02","0,98 %","1,25","R$ 101,99","0,62%"
"RBTS11","Fundo Misto: Fundo de Desenvolvimento","RB CAPITAL TFO SITUS FDO INV IMOB - FII","30,53","47,7 M","2023-08-05 13:45:59.062182","1,33","N/A %","2,65","R$ 1.121,00","6,76%"
"RBVA11","Tijolo: Varejo","Rio Bravo Renda Varejo","11,02","1,3 B","2023-08-05 13:45:59.063531","1,01","0,13 %","1,00","R$ 109,34","1,17%"
"RBVO11","Papel: Papéis","Rio Bravo Crédito Imobiliário II","2,45","9,2 M","2023-08-05 13:45:59.064835","0,47","0,96 %","0,02","R$ 8,38","0,36%"
"RCFA11","Fundo Misto: Fundo de Desenvolvimento","GRUPO RCFA FDO INV IMOB","-","10,1 M","2023-08-05 13:45:59.066149","0,15","0,39 %","N/A","R$ 2,56","-11,11%"
"RCFF11","Papel: Fundo de Fundos","RBR DESENV COMERCIAL FEEDER FOF FDO INVEST IMOB","1,45","30,3 M","2023-08-05 13:45:59.067598","0,91","-3,40 %","1,23","R$ 85,00","-5,56%"
"RCRB11","Tijolo: Lajes Corporativas","FDO INV IMOB RIO BRAVO RENDA CORPORATIVA","5,92","767,8 M","2023-08-05 13:45:59.069098","0,72","-0,87 %","0,75","R$ 149,02","-0,48%"
"RDES11","Outros: Indefinido","FII RD ESCRI","-","-","2023-08-05 13:45:59.070981","N/A","N/A %","N/A","R$ 0,00","0,00%"
"RDPD11","Papel: Papéis","BB Renda de Papeis Imobiliários II","21,21","24,5 M","2023-08-05 13:45:59.073390","0,98","0,53 %","0,78","R$ 22,96","-0,13%"
"RECH11","Outros: Hotéis","FII REC HTL","-","-","2023-08-05 13:45:59.075577","N/A","N/A %","N/A","R$ 0,00","0,00%"
"REIT11","Papel: Papéis","Socopa Fundo de Investimento Imobiliário","16,22","7,9 M","2023-08-05 13:45:59.085336","0,65","9,55 %","1,86","R$ 195,00","-0,46%"
"REIT11B","Outros: Indefinido","FII REIT RIV","-","-","2023-08-05 13:45:59.086890","N/A","N/A %","N/A","R$ 0,00","0,00%"
"RELG11","Tijolo: Imóveis Industriais e Logísticos","REC LOGISTICA","9,74","164,6 M","2023-08-05 13:45:59.089015","0,49","0,59 %","0,70","R$ 60,07","0,37%"
"REON11","Fip:  ","RESIDENCIAIS ONE FUNDO DE INVESTIMENTO IMOBILIÁRIO","-","-","2023-08-05 13:45:59.090735","N/A","N/A %","N/A","R$ 0,00","0,00%"
"RFOF11","Papel: Fundo de Fundos","FDO. INVEST. IMOB. RB CAPITAL I FUNDO DE FUNDOS","10,67","89,2 M","2023-08-05 13:45:59.092256","0,97","0,29 %","0,75","R$ 80,04","0,23%"
"RINV11","Outros: Indefinido","REAL INVESTOR FUNDO DE INVESTIMENTO IMOBILIÁRIO","7,04","32,8 M","2023-08-05 13:45:59.093544","1,01","0,77 %","1,35","R$ 110,85","0,14%"
"PNDL11","Fundo Misto: Fundo de Desenvolvimento","PANORAMA DESENVOLVIMENTO LOGÍSTICO","0,45","96,0 M","2023-08-05 13:45:58.997311","1,30","-0,85 %","5,89","R$ 1.298,00","0,78%"
"PNLN11","Fundo Misto: Indefinido","FII LASTMILE","-","928,9 K","2023-08-05 13:45:58.998737","N/A","N/A %","N/A","R$ 0,00","0,00%"
"RMAI11","Tijolo: Lajes Corporativas","REAG MULTI ATIVOS IMOBILIÁRIOS","6,41","242,4 M","2023-08-05 13:45:59.094793","0,49","1,48 %","0,26","R$ 48,71","2,55%"
"RNDP11","Papel: Papéis","BB Renda de Papéis Imobiliários","9,77","19,3 M","2023-08-05 13:45:59.096139","0,78","17,70 %","1,30","R$ 140,06","17,65%"
"RNGO11","Tijolo: Lajes Corporativas","Rio Negro","10,71","231,4 M","2023-08-05 13:45:59.097446","0,54","-4,61 %","0,36","R$ 46,95","-0,59%"
"RPRI11","Papel: Papéis","FII RBR PR","15,05","228,5 M","2023-08-05 13:45:59.099984","0,96","0,95 %","1,00","R$ 97,92","1,09%"
"RRCI11","Papel: Papéis","RB Capital Recebíveis Imobiliários","14,23","44,9 M","2023-08-05 13:45:59.101310","0,91","0,93 %","0,95","R$ 84,48","1,48%"
"RURA11","Outros: Misto","Itau Asset Rural","-","-","2023-08-05 13:45:59.106173","N/A","0,29 %","N/A","R$ 10,45","-0,76%"
"RVBI11","Papel: Fundo de Fundos","VBI REITS FOF - FDO. INV. IMOB","10,42","124,5 M","2023-08-05 13:45:59.109560","1,00","1,27 %","0,75","R$ 86,40","0,01%"
"RZAG11","Fiagro: Indefinido","FIAGRO RIZA","16,13","647,8 M","2023-08-05 13:45:59.110860","0,98","2,71 %","0,13","R$ 9,49","0,74%"
"RZAK11","Papel: Papéis","RIZA AKIN","17,60","820,0 M","2023-08-05 13:45:59.112127","0,99","0,34 %","1,20","R$ 91,99","0,40%"
"RZAT11","Outros: Imóveis Industriais e Logísticos","RIZA ARCTIUM REAL ESTATE FDO INV IMOB","12,29","371,5 M","2023-08-05 13:45:59.113419","0,94","2,18 %","0,90","R$ 93,81","0,34%"
"RZEO11","Fiagro: Indefinido","RIZA EOS FDO DE INV NAS CAD PROD - FIAGROO","-","170,8 M","2023-08-05 13:45:59.114782","N/A","N/A %","N/A","R$ 0,00","0,00%"
"RZTR11","Fundo Misto: Misto","FUNDO DE INVESTIMENTO IMOBILIÁRIO RIZA TERRAX","12,42","1,1 B","2023-08-05 13:45:59.116147","0,98","-0,72 %","0,85","R$ 95,72","-0,04%"
"SAAG11","Outros: Agências de Bancos","FII SANT AGE","-","627,9 M","2023-08-05 13:45:59.117600","0,96","N/A %","0,93","R$ 106,61","0,00%"
"SACL11","Fundo Misto: Indefinido","FII S CARLOS","-","-","2023-08-05 13:45:59.119168","N/A","N/A %","N/A","R$ 0,00","0,00%"
"SADI11","Papel: Papéis","SANTANDER PAPEIS IMOB CDI FDO INV IMOB","14,48","147,3 M","2023-08-05 13:45:59.120663","0,90","-1,23 %","1,00","R$ 85,98","-0,88%"
"SAIC11B","Tijolo: Lajes Corporativas","Sia Corporate","-","79,3 M","2023-08-05 13:45:59.122972","0,68","N/A %","0,66","R$ 37,88","0,00%"
"SBCL11","Tijolo: Imóveis Industriais e Logísticos","FRAM CAPITAL SBCLOG","-","23,7 M","2023-08-05 13:45:59.127868","N/A","N/A %","N/A","R$ 0,00","0,00%"
"SCPF11","Tijolo: Shoppings","SCP","4,65","49,2 M","2023-08-05 13:45:59.129346","0,43","0,79 %","0,02","R$ 5,08","0,40%"
"SDIL11","Tijolo: Imóveis Industriais e Logísticos","SDI Logística Rio","9,89","613,2 M","2023-08-05 13:45:59.130709","1,02","2,03 %","0,75","R$ 96,50","-0,94%"
"SDIP11","Outros: Indefinido","FII SDI PROP","-","-","2023-08-05 13:45:59.132092","N/A","N/A %","N/A","R$ 0,00","0,00%"
"SEED11","Fundo Misto: Indefinido","FII HEDGE SD","11,08","147,6 M","2023-08-05 13:45:59.133594","1,10","0,82 %","0,48","R$ 98,99","-0,01%"
"SEQR11","Fundo Misto: Misto","SEQUOIA III RENDA IMOBILIÁRIA","12,06","150,3 M","2023-08-05 13:45:59.135596","0,73","0,61 %","0,71","R$ 67,83","0,73%"
"SFND11","Tijolo: Lajes Corporativas","São Fernando","-","8,6 M","2023-08-05 13:45:59.137333","9,43","N/A %","4,25","R$ 83,07","0,00%"
"SHDP11B","Tijolo: Shoppings","Shopping Parque Dom Pedro","-","1,9 B","2023-08-05 13:45:59.139449","N/A","N/A %","7,35","R$ 0,00","0,00%"
"SHOP11","Tijolo: Shoppings","Multi Shoppings","-","70,4 M","2023-08-05 13:45:59.141048","1,43","-2,13 %","N/A","R$ 68,00","-1,45%"
"SHPH11","Tijolo: Shoppings","Shopping Patio Higienopolis","6,13","543,0 M","2023-08-05 13:45:59.142490","0,89","0,12 %","4,20","R$ 795,75","2,02%"
"SHSO11","Fundo Misto: Indefinido","FII HEDGE SH","-","20,0 M","2023-08-05 13:45:59.143908","N/A","N/A %","1,01","R$ 0,00","0,00%"
"SNAG11","Fiagro: Papéis","SUNO AGRO – FIAGRO-IMOBILIÁRIO","12,07","302,1 M","2023-08-05 13:45:59.147921","0,10","-89,87 %","0,12","R$ 10,21","0,29%"
"SNLG11","FIInfra: Imóveis Industriais e Logísticos","FII SUNO LG","7,49","119,8 M","2023-08-05 13:45:59.158166","0,58","-0,38 %","0,35","R$ 36,83","-0,41%"
"SOLR11","Tijolo: Imóveis Comerciais - Outros","SOLARIUM FII","5,78","59,4 M","2023-08-05 13:45:59.159815","1,19","14,00 %","4,77","R$ 1.128,06","14,00%"
"SNEL11","Fundo Misto: Indefinido","SUNO ENERGIAS LIMPAS FII","-","50,6 M","2023-08-05 13:45:59.151198","0,99","N/A %","N/A","R$ 100,00","0,00%"
"SPAF11","Tijolo: Shoppings","SPA Fundo de Investimento Imobiliário – FII","-","11,4 M","2023-08-05 13:45:59.161253","N/A","N/A %","9,75","R$ 0,00","0,00%"
"SPTW11","Tijolo: Lajes Corporativas","SP Downtown","11,91","100,6 M","2023-08-05 13:45:59.163439","0,75","0,05 %","0,42","R$ 41,82","0,77%"
"SPVJ11","Tijolo: Shoppings","FUND. INVEST. IMOB. SUCCESPAR VAREJO","-","734,8 M","2023-08-05 13:45:59.165272","N/A","N/A %","0,67","R$ 0,00","0,00%"
"SPXS11","Fundo Misto: Indefinido","FII SPX SYN","9,37","120,4 M","2023-08-05 13:45:59.166810","1,00","2,61 %","1,20","R$ 96,97","0,54%"
"TBOF11","Tijolo: Lajes Corporativas","TB Office","5,29","2,1 M","2023-08-05 13:45:59.171418","74,10","N/A %","0,82","R$ 15,56","0,00%"
"TCIN11","Papel: Fundo de Fundos","FDO. INVEST. IMOB. TOURMALET V - ED. CIDADE NOVA","-","107,1 M","2023-08-05 13:45:59.173999","1,08","0,38 %","N/A","R$ 136,47","2,29%"
"TCPF11","Fundo Misto: Misto","TREECORP REAL ESTATE FDO INV IMOB - I","1.576,98","37,2 M","2023-08-05 13:45:59.175932","0,01","N/A %","2,01","R$ 1,26","0,00%"
"TELD11","Fundo Misto: Fundo de Desenvolvimento","TELLUS DESENVOLVIMENTO LOGÍSTICO","-","11,1 M","2023-08-05 13:45:59.177410","N/A","N/A %","N/A","R$ 0,00","0,00%"
"TELF11","Fundo Misto: Indefinido","FII-TELF","-","-","2023-08-05 13:45:59.179464","N/A","N/A %","N/A","R$ 0,00","0,00%"
"TEPP11","Tijolo: Lajes Corporativas","TELLUS PROPERTIES - FDO INV. IMOB","7,23","401,2 M","2023-08-05 13:45:59.180922","0,94","1,10 %","0,58","R$ 89,45","0,51%"
"TFOF11","Fundo de Fundos: Fundo de Fundos","FII HTOPFOF","-","103,1 M","2023-08-05 13:45:59.182456","1,14","N/A %","2,37","R$ 138,00","0,00%"
"TGAR11","Fundo Misto: Fundo de Desenvolvimento","TG Ativo Real","13,88","1,6 B","2023-08-05 13:45:59.184029","1,02","-0,04 %","1,40","R$ 122,20","0,25%"
"THRA11","Tijolo: Lajes Corporativas","FII BM THERA","-","14,1 M","2023-08-05 13:45:59.186429","14,52","N/A %","0,13","R$ 138,50","0,00%"
"THRA11B","Outros: Indefinido","FII BM THERA","-","-","2023-08-05 13:45:59.189286","N/A","N/A %","N/A","R$ 0,00","0,00%"
"TORD11","Fundo Misto: Misto","TORDESILHAS EI FDO. INV. IMOB.","13,00","435,8 M","2023-08-05 13:45:59.194154","0,24","-3,54 %","0,05","R$ 3,00","-0,99%"
"TRNT11","Tijolo: Lajes Corporativas","Torre Norte","3,68","773,8 M","2023-08-05 13:45:59.195476","0,64","8,76 %","0,48","R$ 126,00","8,15%"
"SNCI11","Fundo Misto: Papéis","SUNO RECEBÍVEIS IMOBILIÁRIOS FDO DE INV IMOB","12,81","416,0 M","2023-08-05 13:45:59.149462","1,00","-0,03 %","1,10","R$ 99,47","-0,03%"
"SNID11","FIInfra: Fundo de Desenvolvimento","SUNO INFRA FI","-","-","2023-08-05 13:45:59.156472","N/A","0,14 %","N/A","R$ 100,93","0,04%"
"TRXF11","Tijolo: Imóveis Comerciais - Outros","TRX Real Estate","9,52","1,3 B","2023-08-05 13:45:59.199629","1,06","1,35 %","0,90","R$ 111,84","0,04%"
"TRXB11","Fundo Misto: Fundo de Desenvolvimento","TRX REAL ESTATE II FDO. INVEST. IMOB.","8,40","323,1 M","2023-08-05 13:45:59.198181","1,17","0,26 %","0,92","R$ 132,45","0,08%"
"TRXL11","Tijolo: Indefinido","FII TRX LOG","-","-","2023-08-05 13:45:59.201177","N/A","N/A %","N/A","R$ 0,00","0,00%"
"TSER11","Tijolo: Lajes Corporativas","TISHMAN SPEYER RENDA CORPORATIVA","9,78","131,7 M","2023-08-05 13:45:59.202735","1,12","15,14 %","0,92","R$ 115,14","1,00%"
"TSNC11","Tijolo: Lajes Corporativas","Transinc","-","100,4 M","2023-08-05 13:45:59.204230","N/A","N/A %","0,63","R$ 0,00","0,00%"
"TSNM11","Fundo Misto: Indefinido","TS NEW MARGINAL","-","-","2023-08-05 13:45:59.205927","N/A","N/A %","N/A","N/A","0,00%"
"UBSR11","Papel: Papéis","FII UBS (BR)","-","-","2023-08-05 13:45:59.208092","N/A","N/A %","N/A","R$ 0,00","0,00%"
"VCJR11","Papel: Papéis","VECTIS JUROS REAL FDO INV. IMOB. - FII","10,90","1,4 B","2023-08-05 13:45:59.212524","0,94","0,09 %","0,70","R$ 90,75","1,09%"
"VCRA11","Fiagro: Indefinido","FIAGRO VCRA","14,95","471,4 M","2023-08-05 13:45:59.213948","0,98","1,11 %","1,19","R$ 96,95","-0,14%"
"VCRI11","Papel: Papéis","FII VINCI CR","15,75","171,3 M","2023-08-05 13:45:59.215251","0,90","0,58 %","0,10","R$ 8,65","-0,12%"
"VDSV11","Fundo Misto: Indefinido","FII VIC VIN","-","13,7 M","2023-08-05 13:45:59.218267","N/A","N/A %","N/A","R$ 0,00","0,00%"
"VERE11","Tijolo: Imóveis Industriais e Logísticos","Vereda","14,16","207,7 M","2023-08-05 13:45:59.219858","0,64","N/A %","2,80","R$ 233,49","0,00%"
"VGHF11","Fundo Misto: Misto","VALORA HEDGE FUND","13,32","687,3 M","2023-08-05 13:45:59.221703","1,01","0,42 %","0,12","R$ 9,49","-0,11%"
"VGIA11","Fiagro: Indefinido","FIAGRO VGIA","19,02","821,1 M","2023-08-05 13:45:59.224158","1,00","1,70 %","0,13","R$ 9,55","0,84%"
"VGIP11","Papel: Papéis","VALORA CRI ÍNDICE DE PREÇO FDO INVEST. IMOB. FII","11,25","1,1 B","2023-08-05 13:45:59.225676","0,98","4,93 %","1,00","R$ 91,18","1,39%"
"VGIR11","Papel: Papéis","Valora RE III","15,34","995,8 M","2023-08-05 13:45:59.226997","1,01","1,88 %","0,13","R$ 9,78","0,10%"
"VIDS11","Fundo Misto: Fundo de Desenvolvimento","VIC DESENVOLVIMENTO VINTAGE 20/21","-","75,3 M","2023-08-05 13:45:59.228305","N/A","N/A %","N/A","R$ 0,00","0,00%"
"VILG11","Tijolo: Imóveis Industriais e Logísticos","VINCI LOGÍSTICA FDO INV IMOB","7,43","1,7 B","2023-08-05 13:45:59.230883","0,99","1,74 %","0,70","R$ 110,59","1,47%"
"VINO11","Tijolo: Lajes Corporativas","VINCI OFFICES FDO INV IMOB","8,39","900,2 M","2023-08-05 13:45:59.232167","0,85","-0,77 %","0,31","R$ 46,15","0,22%"
"VJFD11","Fundo Misto: Papéis","JFDCAM FUNDO DE INVESTIMENTO IMOBILIÁRIO FII","-","664,5 M","2023-08-05 13:45:59.236504","N/A","N/A %","0,74","R$ 0,00","0,00%"
"VLIQ11","Fundo Misto: Indefinido","FII VIFI 2","-","-","2023-08-05 13:45:59.237979","N/A","N/A %","N/A","R$ 0,00","0,00%"
"VLJS11","Tijolo: Lajes Corporativas","Vector Queluz Lajes Corporativas","-","25,4 M","2023-08-05 13:45:59.240502","1,17","N/A %","28,82","R$ 1.141,14","0,00%"
"VLOL11","Tijolo: Lajes Corporativas","Vila Olímpia Corporate","6,96","198,2 M","2023-08-05 13:45:59.242074","0,88","6,15 %","1,86","R$ 98,00","0,64%"
"VOTS11","Papel: Papéis","Votorantim Securities Master","14,85","77,3 M","2023-08-05 13:45:59.243420","0,93","0,68 %","0,70","R$ 86,45","0,73%"
"VPSI11","Tijolo: Shoppings","Polo Shopping Indaiatuba","-","172,9 M","2023-08-05 13:45:59.244725","N/A","N/A %","0,16","R$ 0,00","0,00%"
"VRTA11","Papel: Papéis","Fator Verita","12,47","1,5 B","2023-08-05 13:45:59.246029","0,97","0,34 %","0,70","R$ 90,74","0,39%"
"VSEC11","Papel: Papéis","FDO INV IMOB VOTORANTIM SECURITIES","1.042,86","283,0 K","2023-08-05 13:45:59.247493","0,05","19,93 %","0,08","R$ 0,21","-93,98%"
"VSLH11","Papel: Papéis","VERSALHES RECEBÍVEIS IMOBILIÁRIOS","20,93","301,4 M","2023-08-05 13:45:59.250304","0,41","-2,58 %","0,03","R$ 4,15","-1,19%"
"VTPA11","Papel: Fundo de Fundos","FDO. INVEST. IMOB. VOTORANTIM PATRIMONIAL V","-","65,3 M","2023-08-05 13:45:59.253468","N/A","N/A %","N/A","R$ 0,00","0,00%"
"VTPL11","Papel: Papéis","FDO INV. IMOB. PLUS","-","106,8 M","2023-08-05 13:45:59.254969","N/A","N/A %","5,11","R$ 0,00","0,00%"
"VTVI11","Fundo Misto: Indefinido","PARKING PARTNERS FDO. INVEST. IMOB.","-","61,6 M","2023-08-05 13:45:59.257767","N/A","N/A %","N/A","R$ 0,00","0,00%"
"VTXI11","Fundo Misto: Misto","FDO. INVEST. IMOB. VOTORANTIM PATRIMONIAL XII","-","1,1 M","2023-08-05 13:45:59.259211","N/A","N/A %","N/A","R$ 0,00","0,00%"
"VVCO11","Tijolo: Lajes Corporativas","FII V2EDCORP","-","71,0 M","2023-08-05 13:45:59.260518","0,88","-1,88 %","0,32","R$ 12,53","1,29%"
"VVPR11","Tijolo: Misto","FDO INV IMOB - V2 PROPERTIES","1,60","226,0 M","2023-08-05 13:45:59.261814","1,04","2,01 %","0,89","R$ 101,50","0,00%"
"VVRI11","Fundo Misto: Indefinido","V2 RENDA IMOBILIÁRIA FDO DE INV IMOB","5,66","38,5 M","2023-08-05 13:45:59.263104","1,03","-3,09 %","1,50","R$ 99,00","0,20%"
"VXXV11","Fundo Misto: Fundo de Desenvolvimento","VX XVI - FDO INV. IMOB.","-","282,0 M","2023-08-05 13:45:59.264404","0,97","2,90 %","10,76","R$ 1.030,00","2,90%"
"WHGR11","Fundo Misto: Indefinido","FII WHG REAL","12,05","253,3 M","2023-08-05 13:45:59.265686","0,94","0,21 %","0,11","R$ 9,50","0,11%"
"WMRB11B","Outros: Indefinido","FII WM RBCAP","-","-","2023-08-05 13:45:59.266973","N/A","N/A %","N/A","R$ 0,00","0,00%"
"WPLZ11B","Outros: Indefinido","FII W PLAZA","-","-","2023-08-05 13:45:59.270084","N/A","N/A %","N/A","R$ 0,00","0,00%"
"WTSP11B","Fundo Misto: Misto","Ourinvest RE I","4,26","72,1 M","2023-08-05 13:45:59.271602","0,56","2,50 %","0,24","R$ 41,00","1,23%"
"WVSC11","Fundo Misto: Indefinido","FII WARREN","-","-","2023-08-05 13:45:59.273026","N/A","N/A %","N/A","R$ 0,00","0,00%"
"XBXO11","Papel: Fundo de Fundos","R CAP 1810 FUNDO DE FUNDOS","-","289,6 M","2023-08-05 13:45:59.275835","N/A","N/A %","N/A","R$ 0,00","0,00%"
"XPCA11","Fiagro: Indefinido","FIAGRO XP CA","16,55","317,4 M","2023-08-05 13:45:59.277893","1,04","1,20 %","0,13","R$ 9,31","0,65%"
"XPCM11","Tijolo: Lajes Corporativas","XP Corporate Macaé","10,98","101,5 M","2023-08-05 13:45:59.282388","0,31","-1,42 %","0,07","R$ 13,21","-0,68%"
"XPGA11","Outros: Indefinido","FII XP GAIA","-","-","2023-08-05 13:45:59.284592","N/A","N/A %","N/A","R$ 0,00","0,00%"
"XPID11","FIInfra: Fundo de Desenvolvimento","XP FDO INV. COTAS FDO INC. INV. EM INFR. R. FIXA","-","-","2023-08-05 13:45:59.290733","N/A","1,61 %","N/A","R$ 88,40","0,83%"
"XPIN11","Tijolo: Imóveis Industriais e Logísticos","XP Industrial","9,28","730,2 M","2023-08-05 13:45:59.292583","0,81","2,00 %","0,65","R$ 83,09","0,47%"
"XPLG11","Tijolo: Imóveis Industriais e Logísticos","XP Log","7,83","3,1 B","2023-08-05 13:45:59.294117","1,01","0,43 %","0,78","R$ 114,49","0,25%"
"XPML11","Tijolo: Shoppings","XP Malls","8,62","2,5 B","2023-08-05 13:45:59.295572","1,11","1,29 %","0,83","R$ 108,89","0,37%"
"TRNT11B","Outros: Indefinido","FII TORRE NO","-","-","2023-08-05 13:45:59.196772","N/A","N/A %","N/A","R$ 0,00","0,00%"
"MAVC11","Fiagro: Papéis","MAV CRÉDITO - FIAGRO-IMOBILIÁRIO","-","-","2023-08-05 13:45:58.894873","N/A","N/A %","N/A","R$ 0,00","0,00%"
"BBPO11","Tijolo: Agências de Bancos","BB Progressivo II","11,17","1,6 B","2023-08-05 13:45:58.415176","0,98","-0,20 %","0,90","R$ 97,50","-0,40%"
"MALL11","Tijolo: Shoppings","Malls Brasil Plural","8,15","1,1 B","2023-08-05 13:45:58.890816","0,96","0,40 %","0,80","R$ 115,42","0,06%"
"APTO11","Tijolo: Imóveis Residenciais","NAVI RESIDENCIAL FUNDO DE INVESTIMENTO IMOBILIÁRIO","12,40","42,5 M","2023-08-05 13:45:58.380624","0,94","0,61 %","0,10","R$ 9,94","0,20%"
"XTED11","Tijolo: Lajes Corporativas","TRX Edifícios Corporativos","-","67,4 M","2023-08-05 13:45:59.299744","0,68","13,08 %","0,32","R$ 8,82","0,00%"
"YCHY11","Outros: Indefinido","FII YAGUARA","-","-","2023-08-05 13:45:59.301661","N/A","N/A %","N/A","R$ 0,00","0,00%"
"YUFI11","Fundo Misto: Fundo de Desenvolvimento","YUCA FDO INV. IMOB.","3,06","50,1 M","2023-08-05 13:45:59.303214","0,93","-1,86 %","0,30","R$ 95,00","-1,86%"
"YUFI11B","Tijolo: Indefinido","FII YUCA","-","-","2023-08-05 13:45:59.304970","N/A","N/A %","N/A","N/A","0,00%"
"ZAVI11","Outros: Indefinido","FII-ZAVIT-R","8,76","127,0 M","2023-08-05 13:45:59.306495","0,93","1,22 %","1,12","R$ 127,56","0,03%"
"VISC11","Tijolo: Shoppings","Vinci Shopping Centers","7,77","2,1 B","2023-08-05 13:45:59.233452","1,07","2,80 %","0,85","R$ 123,56","1,86%"
"RECR11","Papel: Papéis","FII REC Recebíveis Imobiliários","12,19","2,5 B","2023-08-05 13:45:59.077844","0,93","0,93 %","0,91","R$ 88,99","0,27%"
"RECT11","Tijolo: Lajes Corporativas","FDO INV IMOB - FII UBS (BR) OFFICE","11,59","790,1 M","2023-08-05 13:45:59.080271","0,56","0,55 %","0,40","R$ 51,56","0,04%"
"BIDB11","FIInfra: Fundo de Desenvolvimento","INTER INFRA FIC INFRA RENDA FIXA CRÉDITO PRIVADO","-","-","2023-08-05 13:45:58.435830","N/A","1,40 %","N/A","R$ 88,22","0,30%"
"BMLC11","Tijolo: Lajes Corporativas","BM Brascan Lajes Corporativas","11,41","110,6 M","2023-08-05 13:45:58.455957","0,94","0,04 %","3,59","R$ 104,04","0,04%"
"BODB11","FIInfra: Indefinido","BOCAINA INFRA - FDO INV COTAS FDO INV INFRA RF CP","-","-","2023-08-05 13:45:58.466785","N/A","-0,21 %","N/A","R$ 9,70","-0,21%"
"CARE11","Fundo Misto: Misto","Brazilian Graveyard and Death Care","-","297,8 M","2023-08-05 13:45:58.526292","0,24","0,50 %","0,01","R$ 1,99","-0,50%"
"CJCT11","Tijolo: Lajes Corporativas","CIDADE JARDIM CONTINENAL TOWER","0,74","207,8 M","2023-08-05 13:45:58.541404","0,98","0,78 %","0,08","R$ 65,00","-1,52%"
"CXAG11","Tijolo: Agências de Bancos","FII CAIXA AG","10,81","241,5 M","2023-08-05 13:45:58.564193","0,74","-1,76 %","0,71","R$ 85,40","-1,11%"
"CXCI11","Fundo Misto: Indefinido","FDO DE INVST IMOB CAIXA CARTEIRA IMOBILIÁRIA","10,27","198,6 M","2023-08-05 13:45:58.568995","0,92","2,47 %","0,84","R$ 89,15","-0,89%"
"CXTL11","Tijolo: Imóveis Industriais e Logísticos","Caixa TRX Logística Renda","5,24","22,2 M","2023-08-05 13:45:58.574076","0,76","4,22 %","2,02","R$ 313,70","1,20%"
"DVFF11","Papel: Fundo de Fundos","FDO. INVEST. IMOB. DEVANT FOF IMOBILIÁRIOS","10,23","105,0 M","2023-08-05 13:45:58.604300","0,91","2,45 %","0,70","R$ 86,48","0,62%"
"FAED11","Tijolo: Educacional","Anhanguera Educacional","10,55","139,8 M","2023-08-05 13:45:58.634522","0,82","0,28 %","1,48","R$ 177,49","0,14%"
"FGPM11","Tijolo: Shoppings","FDO INVEST IMOB GRAND PLAZA MALL","-","-","2023-08-05 13:45:58.658944","N/A","N/A %","N/A","R$ 0,00","0,00%"
"FLCR11","Papel: Papéis","FARIA LIMA CAPITAL RECEB. IMOB. I","13,65","62,8 M","2023-08-05 13:45:58.675457","0,97","2,30 %","1,31","R$ 95,75","1,42%"
"FPNG11","Tijolo: Lajes Corporativas","Pedra Negra Renda Imobiliária","11,22","236,8 M","2023-08-05 13:45:58.691729","0,42","0,10 %","0,69","R$ 69,50","1,19%"
"FVBI11","Tijolo: Lajes Corporativas","FII VBI 4440","-","-","2023-08-05 13:45:58.695994","N/A","N/A %","0,37","R$ 94,97","0,00%"
"HBCR11","Fundo Misto: Indefinido","HBC RENDA URBANA","4,45","115,5 M","2023-08-05 13:45:58.732535","1,17","8,40 %","0,64","R$ 120,62","8,48%"
"HDEL11","Tijolo: Imóveis Industriais e Logísticos","FII HEDGE DV","5,40","29,7 M","2023-08-05 13:45:58.747782","1,35","0,35 %","1,87","R$ 106,09","0,00%"
"HGRU11","Fundo Misto: Misto","CSHG Renda Urbana","9,05","2,3 B","2023-08-05 13:45:58.768339","1,05","0,96 %","0,85","R$ 129,50","-0,22%"
"HSAF11","Papel: Papéis","HSI ATIVOS FINANCEIROS FUNDO DE INVESTIMENTO IMOBI","12,91","236,5 M","2023-08-05 13:45:58.783226","0,93","-0,25 %","0,80","R$ 87,17","-0,06%"
"IBCR11","Fundo Misto: Papéis","FDO DE INV IMOBILIÁRIO DE CRI INTEGRAL BREI","14,62","92,6 M","2023-08-05 13:45:58.804395","0,81","-1,25 %","0,88","R$ 78,20","-0,32%"
"JFLL11","Tijolo: Imóveis Residenciais","JFL LIVING FDO. INV. IMOB.","10,10","151,5 M","2023-08-05 13:45:58.824438","0,74","0,34 %","0,62","R$ 74,25","1,13%"
"LASC11","Tijolo: Shoppings","LEGATUS SHOPPINGS FDO. INV. IMOB. - FII","9,20","300,0 M","2023-08-05 13:45:58.861883","0,99","-1,11 %","0,63","R$ 101,18","-0,45%"
"LUGG11","Fundo Misto: Fundo de Desenvolvimento","LUGGO FDO. INV. IMOB.","8,16","139,6 M","2023-08-05 13:45:58.888096","0,67","1,10 %","0,60","R$ 82,74","0,44%"
"FLEM11","Fiagro: Indefinido","051 Agro Fazendas II","-","283,9 M","2023-08-05 13:45:58.678662","N/A","N/A %","N/A","R$ 0,00","0,00%"
"MCHY11","Papel: Papéis","FDO DE INV IMOB MAUÁ CAPITAL HIGH YIELD - FII","16,95","365,4 M","2023-08-05 13:45:58.908803","1,09","-0,20 %","1,40","R$ 110,90","0,54%"
"MOFF11","Fundo de Fundos: Lajes Corporativas","MULTIOFFICES 2 - FDO. INV. IMOB.","-","179,8 M","2023-08-05 13:45:58.930181","N/A","N/A %","N/A","R$ 0,00","0,00%"
"NEWU11","Tijolo: Lajes Corporativas","NEWPORT RENDA URBANA FDO INV IMOB","1,55","51,3 M","2023-08-05 13:45:58.949908","1,06","-0,01 %","0,20","R$ 73,10","-0,01%"
"OULG11","Tijolo: Imóveis Industriais e Logísticos","FDO INV IMOB OURINVEST LOGÍSTICA","7,47","167,3 M","2023-08-05 13:45:58.968886","0,61","-1,27 %","0,42","R$ 41,17","0,19%"
"PLOG11","Tijolo: Imóveis Industriais e Logísticos","PLURAL LOGÍSTICA FDO. INV. IMOB.","13,32","79,6 M","2023-08-05 13:45:58.994619","0,63","-4,70 %","0,70","R$ 66,71","0,21%"
"RBDS11","Fundo Misto: Fundo de Desenvolvimento","RB Capital Desenvolvimento Residencial II","-","2,9 M","2023-08-05 13:45:59.028425","0,12","3,77 %","2,35","R$ 2,68","-2,55%"
"RBRL11","Tijolo: Imóveis Industriais e Logísticos","RBR LOG FUNDO DE INVESTIMENTO IMOBILIÁRIO","8,01","706,6 M","2023-08-05 13:45:59.049049","0,90","0,41 %","0,67","R$ 95,62","0,13%"
"ALZM11","Fundo de Fundos: Fundo de Fundos","FII ALIANZME","12,30","63,9 M","2023-08-05 13:45:58.370933","1,01","1,60 %","0,85","R$ 93,75","1,14%"
"ROOF11","Fundo Misto: Fundo de Desenvolvimento","FUNDO DE INVESTIMENTO IMOBILIÁRIO ROOFTOP I","16,35","45,7 M","2023-08-05 13:45:59.098725","0,87","-4,67 %","41,72","R$ 510,00","-4,67%"
"SALI11","Fundo Misto: Misto","VENUS - FUNDO DE INVESTIMENTO IMOBILIÁRIO","-","8,1 M","2023-08-05 13:45:59.124660","N/A","N/A %","N/A","R$ 0,00","0,00%"
"XPSF11","Papel: Fundo de Fundos","XP SELECTION FDO DE FUNDOS INV IMOB - FII","10,84","378,2 M","2023-08-05 13:45:59.298365","0,97","1,08 %","0,08","R$ 8,44","0,24%"
"SJAU11","Tijolo: Imóveis Industriais e Logísticos","SJ AU LOGÍSTICA","-","760,9 M","2023-08-05 13:45:59.146612","0,93","12,21 %","N/A","R$ 89,00","-3,16%"
"SRVD11","Fundo Misto: Indefinido","SERRA VERDE FUNDO DE INVESTIMENTO IMOBILIÁRIO","2,76","573,4 K","2023-08-05 13:45:59.168334","572,00","0,35 %","0,20","R$ 5,72","0,35%"
"SNFF11","Papel: Fundo de Fundos","SUNO FUNDO DE FUNDOS","9,52","264,0 M","2023-08-05 13:45:58.301844","0,96","2,38 %","0,65","R$ 89,97","2,35%"
"TMPS11","Fundo de Fundos: Fundo de Fundos","ITAÚ TEMPUS FUNDO DE INVESTIMENTO IMOBILIÁRIO","1,86","105,6 M","2023-08-05 13:45:59.192808","0,97","-0,49 %","0,65","R$ 104,57","-1,07%"
"URPR11","Papel: Papéis","URCA PRIME RENDA FUNDO DE INVESTIMENTO IMOBILIÁRIO","15,60","1,2 B","2023-08-05 13:45:59.210886","0,98","-0,82 %","1,13","R$ 98,58","-0,07%"
"VIFI11","Papel: Fundo de Fundos","VINCI INSTRUMENTOS FINANCEIROS FDO INV IMOB - FII","9,08","76,2 M","2023-08-05 13:45:59.229594","0,90","0,83 %","0,07","R$ 8,48","0,47%"
"VTLT11","Tijolo: Imóveis Industriais e Logísticos","Votorantim Logística","10,52","213,7 M","2023-08-05 13:45:59.251790","0,97","-0,95 %","0,88","R$ 98,00","0,43%"
"XPCI11","Papel: Papéis","XP CREDITO IMOBILIÁRIO - FDO INV IMOB","12,21","825,7 M","2023-08-05 13:45:59.280169","0,90","1,16 %","1,00","R$ 85,59","0,12%"
"XPPR11","Fundo Misto: Lajes Corporativas","XP PROPERTIES FDO. INV. IMOB.","10,87","516,4 M","2023-08-05 13:45:59.297043","0,31","-1,03 %","0,10","R$ 22,07","0,09%"
"AIEC11","Tijolo: Lajes Corporativas","AUTONOMY EDIFÍCIOS CORPORATIVOS FUND. INV. IMOB.","13,11","456,5 M","2023-08-05 13:45:58.360433","0,73","-1,37 %","0,76","R$ 68,94","-0,85%"
"BBRC11","Tijolo: Agências de Bancos","BB Renda Corporativa","10,95","172,0 M","2023-08-05 13:45:58.416967","1,04","3,88 %","1,13","R$ 112,00","0,48%"
"BIME11","Fundo Misto: Indefinido","BRIO MULTIESTRATÉGIA FUNDO DE INVESTIMENTO IMOB","11,31","51,7 M","2023-08-05 13:45:58.437584","0,89","2,07 %","0,08","R$ 7,88","0,25%"
"BPML11","Tijolo: Shoppings","FDO INV IMOB BTG PACTUAL SHOPPINGS","2,71","570,0 M","2023-08-05 13:45:58.474065","0,48","0,19 %","0,27","R$ 64,16","0,02%"
"BROF11","Outros: Lajes Corporativas","BRPR CORPORATE OFFICES FDO DE INV IMOB","2,73","1,2 B","2023-08-05 13:45:58.494140","0,66","0,26 %","0,72","R$ 69,60","0,12%"
"BTWR11","Fundo Misto: Fundo de Desenvolvimento","BTOWERS FII","6,00","91,1 M","2023-08-05 13:45:58.516384","0,95","N/A %","0,40","R$ 107,00","0,00%"
"CDII11","FIInfra: Indefinido","Sparta Infra CDI FICFI Infra Renda Fixa CP","-","-","2023-08-05 13:45:58.534796","N/A","0,14 %","N/A","R$ 104,84","0,05%"
"CPTI11","FIInfra: Fundo de Desenvolvimento","CAPITÂNIA INFRA FDO. INV. FDO. IE. RF. CRED. PRIV.","-","-","2023-08-05 13:45:58.550404","N/A","0,39 %","N/A","R$ 101,63","-0,07%"
"DMAC11","Fundo Misto: Fundo de Desenvolvimento","FII MAC","-","778,3 K","2023-08-05 13:45:58.592291","2,61","N/A %","4,89","R$ 13,00","0,00%"
"EGYR11","Fundo Misto: Fundo de Desenvolvimento","ENERGY RESORT FDO. INVEST. IMOB","-","93,3 M","2023-08-05 13:45:58.611339","0,01","9,09 %","N/A","R$ 1,20","2,56%"
"FAGL11","Tijolo: Imóveis Industriais e Logísticos","FII FATOR GP","-","-","2023-08-05 13:45:58.638943","N/A","N/A %","N/A","R$ 0,00","0,00%"
"FGAA11","Fiagro: Indefinido","FG/Agro","17,90","327,0 M","2023-08-05 13:45:58.657667","1,01","0,20 %","0,13","R$ 9,98","-0,10%"
"FIXX11","Fundo de Fundos: Indefinido","FII FATORFIX","-","-","2023-08-05 13:45:58.672483","N/A","N/A %","N/A","R$ 0,00","0,00%"
"FOFT11","Fundo de Fundos: Fundo de Fundos","FII CSHGFOFT","-","131,8 M","2023-08-05 13:45:58.689096","1,12","N/A %","1,90","R$ 123,00","0,00%"
"FZDB11","Fiagro: Indefinido","051 AGRO FAZIII FDO INV NAS CAD PROD AGRO","-","359,0 M","2023-08-05 13:45:58.706148","1,05","N/A %","N/A","R$ 105,00","0,00%"
"GSFI11","Tijolo: Shoppings","GENERAL SHOP E OUTLETS DO BRASIL FDO INV IMOB","-","1,1 B","2023-08-05 13:45:58.723505","0,52","1,93 %","N/A","R$ 7,40","1,79%"
"HCRA11","Fidc: Indefinido","HEDGE CRÉDITO AGRO FIAGRO-DIREITOS CREDITÓRIOS","-","-","2023-08-05 13:45:58.740981","N/A","-1,06 %","N/A","R$ 102,90","0,00%"
"HGCR11","Papel: Papéis","CGHG Recebíveis Imobiliários","13,47","1,6 B","2023-08-05 13:45:58.756975","1,03","1,97 %","1,10","R$ 106,25","0,39%"
"HLOG11","Tijolo: Imóveis Industriais e Logísticos","HEDGE LOGÍSTICA FDO. INV. IMOB.","7,97","488,5 M","2023-08-05 13:45:58.770758","0,85","2,48 %","0,65","R$ 97,87","0,40%"
"IBFF11","Papel: Fundo de Fundos","FDO INV. IMOB. FOF INTEGRAL BREI","0,45","9,9 M","2023-08-05 13:45:58.805857","4,49","1,47 %","0,30","R$ 66,40","-0,02%"
"JASC11","Tijolo: Imóveis Comerciais - Outros","FII JASC REN","5,10","279,2 M","2023-08-05 13:45:58.819109","0,97","N/A %","0,55","R$ 100,00","0,01%"
"JSAF11","Fundo Misto: Fundo de Fundos","JS ATIVOS FINANCEIROS FUNDO DE INVESTIMENTO IMOBIL","11,42","155,3 M","2023-08-05 13:45:58.832178","0,99","0,62 %","0,93","R$ 97,75","-0,17%"
"KNRE11","Fundo Misto: Fundo de Desenvolvimento","Kinea II Real Estate Equity","58,21","14,0 M","2023-08-05 13:45:58.857986","0,79","3,51 %","0,04","R$ 0,59","1,72%"
"LOFT11B","Fundo Misto: Fundo de Desenvolvimento","LOFT I - FDO INV IMOB","-","23,4 M","2023-08-05 13:45:58.876696","2,50","N/A %","0,20","R$ 29,90","0,00%"
"MFII11","Fundo Misto: Fundo de Desenvolvimento","Mérito Desenvolvimento Imobiliário","14,00","424,1 M","2023-08-05 13:45:58.913004","0,93","1,78 %","1,07","R$ 94,40","0,04%"
"MORE11","Papel: Fundo de Fundos","MORE REAL ESTATE FOF FII FDO. INV. IMOB.","9,58","195,5 M","2023-08-05 13:45:58.932870","0,90","0,04 %","0,62","R$ 76,00","-0,22%"
"NVHO11","Tijolo: Hospitalar","Novo Horizonte","9,30","580,5 M","2023-08-05 13:45:58.956550","0,76","6,93 %","0,08","R$ 10,65","4,00%"
"OUFF11","Papel: Fundo de Fundos","FDO INV IMOB - OURINVEST FUNDO DE FUNDOS","11,62","141,1 M","2023-08-05 13:45:58.966043","0,95","0,52 %","0,72","R$ 73,90","0,30%"
"PLCA11","Fiagro: Indefinido","Plural BRB Crédito Agro","11,58","52,9 M","2023-08-05 13:45:58.991990","0,88","-1,20 %","1,12","R$ 90,90","-0,11%"
"PNPR11","Fundo Misto: Fundo de Desenvolvimento","PANORAMA PROPERTIES FDO. INVEST. IMOB.","-","90,4 M","2023-08-05 13:45:59.000061","0,96","N/A %","N/A","R$ 100,00","0,00%"
"RBBV11","Fundo Misto: Fundo de Desenvolvimento","FII JHSF FBV","-","126,5 M","2023-08-05 13:45:59.024346","0,99","N/A %","0,22","R$ 100,00","0,00%"
"RBIF11","FIInfra: Fundo de Desenvolvimento","RIO BRAVO ESG FIC INFRA RENDA FIXA CRÉDITO PRIVADO","-","-","2023-08-05 13:45:59.037047","N/A","-1,48 %","N/A","R$ 99,89","-0,06%"
"RBRS11","Fundo Misto: Fundo de Desenvolvimento","RIO BRAVO RENDA RESIDENCIAL FDO. INVEST. IMOB.","9,00","163,4 M","2023-08-05 13:45:59.056832","0,59","3,30 %","0,40","R$ 55,78","2,54%"
"RECX11","Papel: Fundo de Fundos","FDO. INV. IMOB. REC FUNDO DE FUNDOS","11,99","16,8 M","2023-08-05 13:45:59.081988","0,90","2,49 %","0,60","R$ 69,18","1,32%"
"RSPD11","Fundo Misto: Fundo de Desenvolvimento","RB CAPITAL DESENV RESID III FDO INV IMOB - FII","4,63","173,1 M","2023-08-05 13:45:59.103358","0,97","N/A %","8,64","R$ 1.125,00","0,00%"
"SARE11","Fundo Misto: Misto","SANTANDER RENDA DE ALUGUÉIS FDO. INVEST. IMOB.","12,89","873,7 M","2023-08-05 13:45:59.126212","0,61","-2,14 %","0,50","R$ 57,49","0,72%"
"BPFF11","Papel: Fundo de Fundos","Brasil Plural Absoluto Fundo de Fundos","10,61","349,0 M","2023-08-05 13:45:58.469405","0,92","-0,64 %","0,62","R$ 71,43","0,03%"
"GALG11","Tijolo: Imóveis Industriais e Logísticos","GUARDIAN LOGISTICA","10,81","526,5 M","2023-08-05 13:45:58.707444","0,99","-0,44 %","0,08","R$ 9,09","0,44%"
"VCRR11","Tijolo: Imóveis Residenciais","VECTIS RENDA RESIDENCIAL","10,26","256,8 M","2023-08-05 13:45:59.216597","0,62","-1,24 %","0,69","R$ 79,50","-0,05%"
"VIUR11","Fundo Misto: Misto","VINCI IMÓVEIS URBANOS","10,29","244,4 M","2023-08-05 13:45:59.235010","0,93","0,12 %","0,07","R$ 8,40","-0,36%"
"VSHO11","Tijolo: Shoppings","FDO INV IMOB VOTORANTIM SHOPPING","9,65","211,4 M","2023-08-05 13:45:59.248978","0,79","2,63 %","0,72","R$ 79,87","1,45%"
"WPLZ11","Tijolo: Shoppings","Shopping West Plaza","7,44","89,5 M","2023-08-05 13:45:59.268515","0,90","-1,23 %","0,43","R$ 78,50","4,67%"
"XPHT11","Tijolo: Hotéis","XP HOTÉIS - FDO INV IMOB","12,68","375,9 M","2023-08-05 13:45:59.287993","1,24","-0,56 %","1,90","R$ 123,00","-1,60%"
"BRLA11","Tijolo: Imóveis Industriais e Logísticos","FUNDO DE INVESTIMENTO IMOBILIÁRIO BRL PROP II","9,34","490,9 M","2023-08-05 13:45:58.490791","0,88","0,01 %","0,90","R$ 138,03","0,01%"
"GCRI11","Papel: Papéis","GALAPAGOS RECEBÍVEIS IMOBILIÁRIOS","14,87","139,2 M","2023-08-05 13:45:58.712910","0,94","-0,51 %","1,00","R$ 89,84","-0,07%"
"KDIF11","FIInfra: Fundo de Desenvolvimento","KINEA INFRA - FDO INV COTAS FDO INC. INV INF RF CP","-","-","2023-08-05 13:45:58.841255","N/A","0,64 %","N/A","R$ 133,00","-0,28%"
"PQAG11","Tijolo: Imóveis Industriais e Logísticos","PARQUE ANHANGUERA FDO. INVEST. IMOB.","9,44","798,9 M","2023-08-05 13:45:59.003023","0,97","-0,91 %","0,44","R$ 55,49","-0,43%"
"ZIFI11","Fundo Misto: Fundo de Desenvolvimento","ZION CAPITAL FUNDO DE INVESTIMENTO IMOBILIÁRIO","0,33","57,3 M","2023-08-05 13:45:59.309109","0,83","-4,72 %","3,30","R$ 1.000,00","-4,72%"
"SNFF11","Papel: Fundo de Fundos","SUNO FUNDO DE FUNDOS","9,52","264,0 M","2023-08-05 13:45:59.153235","0,96","2,38 %","0,65","R$ 89,97","2,35%"
"ARCT11","Tijolo: Imóveis Industriais e Logísticos","RIZA ARCTIUM REAL ESTATE FDO INV IMOB","16,59","371,5 M","2023-08-05 13:45:58.385209","0,87","-5,51 %","0,39","R$ 87,13","0,00%"
"SNCI11","Fundo Misto: Papéis","SUNO RECEBÍVEIS IMOBILIÁRIOS FDO DE INV IMOB","12,81","416,0 M","2023-08-05 13:45:58.309645","1,00","-0,03 %","1,10","R$ 99,47","-0,03%"
"SIGR11","Fundo Misto: Indefinido","FII SIG CAP","9,90","39,4 M","2023-08-05 13:45:59.145281","0,99","N/A %","1,06","R$ 100,00","0,00%"
"STRX11","Fundo Misto: Fundo de Desenvolvimento","STARX FDO INV IMOB","107,04","264,5 M","2023-08-05 13:45:59.169906","0,05","N/A %","0,70","R$ 8,52","0,00%"
"TJKB11","Fundo Misto: Indefinido","FII TJK REND","10,89","202,9 M","2023-08-05 13:45:59.191339","1,00","-0,59 %","2,63","R$ 267,16","-0,96%"